library_id,parent_id,gmlid,name,description,thickness,thickness_uom,material_id,material_reference
LayConstLib_id_02,LayeredConstr_id_0001,Layer_id_886b1e2c-421c-446f-997e-101210826990,plaster_external,"plaster_external layer, 12 mm thick",12.5,mm,material_id_113,✔ Matched by ID (plaster_external)
LayConstLib_id_02,LayeredConstr_id_0001,Layer_id_60d0abc5-8375-488e-8fa7-0d97dd001e68,bricks_full,"bricks_full layer, 100 mm thick",100.0,mm,material_id_102,✔ Matched by ID (bricks_full)
LayConstLib_id_02,LayeredConstr_id_0001,Layer_id_26eb4e87-883a-4c50-be80-526d005aa59d,mortar,"mortar layer, 12 mm thick",12.5,mm,material_id_202,✔ Matched by ID (mortar)
LayConstLib_id_02,LayeredConstr_id_0002,Layer_id_579c0719-d2a0-4ef4-89d0-2d5059917daf,plaster_external,"plaster_external layer, 12 mm thick",12.5,mm,material_id_113,✔ Matched by ID (plaster_external)
LayConstLib_id_02,LayeredConstr_id_0002,Layer_id_00a02d31-3f2a-49d4-8b86-35f0abeacc6c,bricks_full,"bricks_full layer, 125 mm thick",125.0,mm,material_id_102,✔ Matched by ID (bricks_full)
LayConstLib_id_02,LayeredConstr_id_0002,Layer_id_d96d3995-8614-4554-b2c6-894a7a59acfd,mortar,"mortar layer, 12 mm thick",12.5,mm,material_id_202,✔ Matched by ID (mortar)
LayConstLib_id_02,LayeredConstr_id_0003,Layer_id_374d0be5-70c9-4205-a144-453d4a9ce23b,plaster_external,"plaster_external layer, 12 mm thick",12.5,mm,material_id_113,✔ Matched by ID (plaster_external)
LayConstLib_id_02,LayeredConstr_id_0003,Layer_id_a4a80fbc-8304-41a1-a36f-477f3fba2e34,bricks_full,"bricks_full layer, 150 mm thick",150.0,mm,material_id_102,✔ Matched by ID (bricks_full)
LayConstLib_id_02,LayeredConstr_id_0003,Layer_id_2ae93515-f1f5-4893-bfae-e590419b54ae,mortar,"mortar layer, 12 mm thick",12.5,mm,material_id_202,✔ Matched by ID (mortar)
LayConstLib_id_02,LayeredConstr_id_0004,Layer_id_fd5c4ad2-7be0-4ed1-aa97-e4dd31b5142d,plaster_external,"plaster_external layer, 12 mm thick",12.5,mm,material_id_113,✔ Matched by ID (plaster_external)
LayConstLib_id_02,LayeredConstr_id_0004,Layer_id_a5afc3f1-cc6b-4c3a-a08b-2f5fa5d918f3,bricks_full,"bricks_full layer, 175 mm thick",175.0,mm,material_id_102,✔ Matched by ID (bricks_full)
LayConstLib_id_02,LayeredConstr_id_0004,Layer_id_b8ccd8ad-a4b0-4177-9fa5-73f2a0c98e0e,mortar,"mortar layer, 12 mm thick",12.5,mm,material_id_202,✔ Matched by ID (mortar)
LayConstLib_id_02,LayeredConstr_id_0005,Layer_id_9f591143-3c7c-4696-bd91-3a7e24fd5e8a,plaster_external,"plaster_external layer, 12 mm thick",12.5,mm,material_id_113,✔ Matched by ID (plaster_external)
LayConstLib_id_02,LayeredConstr_id_0005,Layer_id_5cc8d210-788b-415f-928e-944b7c07aaee,bricks_full,"bricks_full layer, 200 mm thick",200.0,mm,material_id_102,✔ Matched by ID (bricks_full)
LayConstLib_id_02,LayeredConstr_id_0005,Layer_id_3b5e4029-f34f-41d4-afaa-ea2955a53614,mortar,"mortar layer, 12 mm thick",12.5,mm,material_id_202,✔ Matched by ID (mortar)
LayConstLib_id_02,LayeredConstr_id_0006,Layer_id_212c22ae-aa27-4d5c-9176-428787fe1fbf,plaster_external,"plaster_external layer, 12 mm thick",12.5,mm,material_id_113,✔ Matched by ID (plaster_external)
LayConstLib_id_02,LayeredConstr_id_0006,Layer_id_c7f7ec9d-98dc-4959-9a96-d61ce3662fa1,bricks_full,"bricks_full layer, 250 mm thick",250.0,mm,material_id_102,✔ Matched by ID (bricks_full)
LayConstLib_id_02,LayeredConstr_id_0006,Layer_id_11039db3-cae4-43b1-992b-b5b1e40258fd,mortar,"mortar layer, 12 mm thick",12.5,mm,material_id_202,✔ Matched by ID (mortar)
LayConstLib_id_02,LayeredConstr_id_0007,Layer_id_e2ff545a-e332-4cca-9bb4-bf14937361b1,plaster_external,"plaster_external layer, 12 mm thick",12.5,mm,material_id_113,✔ Matched by ID (plaster_external)
LayConstLib_id_02,LayeredConstr_id_0007,Layer_id_b8eb612c-b93b-42b2-b12f-5b88c8c27b2d,bricks_full,"bricks_full layer, 300 mm thick",300.0,mm,material_id_102,✔ Matched by ID (bricks_full)
LayConstLib_id_02,LayeredConstr_id_0007,Layer_id_27cbb506-0516-404b-ad8a-43ca94555265,mortar,"mortar layer, 12 mm thick",12.5,mm,material_id_202,✔ Matched by ID (mortar)
LayConstLib_id_02,LayeredConstr_id_0008,Layer_id_7ba09ba6-cbca-4948-914b-ae4b1d890842,plaster_external,"plaster_external layer, 12 mm thick",12.5,mm,material_id_113,✔ Matched by ID (plaster_external)
LayConstLib_id_02,LayeredConstr_id_0008,Layer_id_f325f06b-76c3-4e25-a75b-3f3644415693,bricks_full,"bricks_full layer, 100 mm thick",100.0,mm,material_id_102,✔ Matched by ID (bricks_full)
LayConstLib_id_02,LayeredConstr_id_0008,Layer_id_ed9e8517-62ba-4a44-bf1b-1089ad2e0063,mortar,"mortar layer, 12 mm thick",12.5,mm,material_id_202,✔ Matched by ID (mortar)
LayConstLib_id_02,LayeredConstr_id_0009,Layer_id_ebeffd2a-83f6-4a68-8073-8662e74e4cd5,plaster_external,"plaster_external layer, 12 mm thick",12.5,mm,material_id_113,✔ Matched by ID (plaster_external)
LayConstLib_id_02,LayeredConstr_id_0009,Layer_id_3189fa31-a9d6-4309-a7f4-b65982a1aab1,bricks_full,"bricks_full layer, 125 mm thick",125.0,mm,material_id_102,✔ Matched by ID (bricks_full)
LayConstLib_id_02,LayeredConstr_id_0009,Layer_id_1580c510-0f8a-4d48-82c6-f056e2949489,mortar,"mortar layer, 12 mm thick",12.5,mm,material_id_202,✔ Matched by ID (mortar)
LayConstLib_id_02,LayeredConstr_id_0010,Layer_id_8771bdbc-1ad6-4d61-b8da-0c1c714c663b,plaster_external,"plaster_external layer, 12 mm thick",12.5,mm,material_id_113,✔ Matched by ID (plaster_external)
LayConstLib_id_02,LayeredConstr_id_0010,Layer_id_9fc471c9-2859-49d8-b0a5-30c0fa5ad8e8,bricks_full,"bricks_full layer, 150 mm thick",150.0,mm,material_id_102,✔ Matched by ID (bricks_full)
LayConstLib_id_02,LayeredConstr_id_0010,Layer_id_fc38bb63-f8b7-4771-ba7f-9ef6a62dd501,mortar,"mortar layer, 12 mm thick",12.5,mm,material_id_202,✔ Matched by ID (mortar)
LayConstLib_id_02,LayeredConstr_id_0011,Layer_id_b4e3cf7e-b59a-47a3-acb2-e44f01be9511,plaster_external,"plaster_external layer, 12 mm thick",12.5,mm,material_id_113,✔ Matched by ID (plaster_external)
LayConstLib_id_02,LayeredConstr_id_0011,Layer_id_f4856746-5ca4-4093-b86c-986dd38abbef,bricks_full,"bricks_full layer, 175 mm thick",175.0,mm,material_id_102,✔ Matched by ID (bricks_full)
LayConstLib_id_02,LayeredConstr_id_0011,Layer_id_454206f3-ba34-4c69-b6d2-382e66de25ea,mortar,"mortar layer, 12 mm thick",12.5,mm,material_id_202,✔ Matched by ID (mortar)
LayConstLib_id_02,LayeredConstr_id_0012,Layer_id_21877514-5491-401f-b342-f6b128f9e75c,plaster_external,"plaster_external layer, 12 mm thick",12.5,mm,material_id_113,✔ Matched by ID (plaster_external)
LayConstLib_id_02,LayeredConstr_id_0012,Layer_id_ebf557a4-777f-45e5-afd2-cb69b3097702,bricks_full,"bricks_full layer, 200 mm thick",200.0,mm,material_id_102,✔ Matched by ID (bricks_full)
LayConstLib_id_02,LayeredConstr_id_0012,Layer_id_10af81bb-7ffc-451c-a6e3-8cc85fb7d595,mortar,"mortar layer, 12 mm thick",12.5,mm,material_id_202,✔ Matched by ID (mortar)
LayConstLib_id_02,LayeredConstr_id_0013,Layer_id_d194dd15-7a6c-4e91-ac5a-05aac6fbd358,plaster_external,"plaster_external layer, 12 mm thick",12.5,mm,material_id_113,✔ Matched by ID (plaster_external)
LayConstLib_id_02,LayeredConstr_id_0013,Layer_id_76abddf4-496e-41eb-b2f4-f7161e658950,bricks_full,"bricks_full layer, 250 mm thick",250.0,mm,material_id_102,✔ Matched by ID (bricks_full)
LayConstLib_id_02,LayeredConstr_id_0013,Layer_id_e10bcb58-67c7-449e-af1e-f679898d59ce,mortar,"mortar layer, 12 mm thick",12.5,mm,material_id_202,✔ Matched by ID (mortar)
LayConstLib_id_02,LayeredConstr_id_0014,Layer_id_0381addd-0fb0-452a-9516-5b6eeaab9acf,plaster_external,"plaster_external layer, 12 mm thick",12.5,mm,material_id_113,✔ Matched by ID (plaster_external)
LayConstLib_id_02,LayeredConstr_id_0014,Layer_id_99bf5d05-352d-4d55-a72f-a0a544238c08,bricks_full,"bricks_full layer, 300 mm thick",300.0,mm,material_id_102,✔ Matched by ID (bricks_full)
LayConstLib_id_02,LayeredConstr_id_0014,Layer_id_eccc753c-76a4-4847-b7ab-ba8d8a892029,mortar,"mortar layer, 12 mm thick",12.5,mm,material_id_202,✔ Matched by ID (mortar)
LayConstLib_id_02,LayeredConstr_id_0015,Layer_id_db2a828c-9233-46b1-a581-d9b98b602061,plaster_external,"plaster_external layer, 12 mm thick",12.5,mm,material_id_113,✔ Matched by ID (plaster_external)
LayConstLib_id_02,LayeredConstr_id_0015,Layer_id_fa34a6bf-11c4-4314-8da9-c41272f21e29,bricks_full,"bricks_full layer, 100 mm thick",100.0,mm,material_id_102,✔ Matched by ID (bricks_full)
LayConstLib_id_02,LayeredConstr_id_0015,Layer_id_d18f2cc5-6da4-4d9b-83c7-3c4e7a0eccbc,insulation_eps,"insulation_eps layer, 25 mm thick",25.0,mm,material_id_107,✔ Matched by ID (insulation_eps)
LayConstLib_id_02,LayeredConstr_id_0015,Layer_id_7860c459-0b28-4cea-ad94-b89824e806c2,mortar,"mortar layer, 12 mm thick",12.5,mm,material_id_202,✔ Matched by ID (mortar)
LayConstLib_id_02,LayeredConstr_id_0016,Layer_id_295a1987-50c2-46a8-8335-91f77f9c4a9a,plaster_external,"plaster_external layer, 12 mm thick",12.5,mm,material_id_113,✔ Matched by ID (plaster_external)
LayConstLib_id_02,LayeredConstr_id_0016,Layer_id_41a1c8d1-f03c-4484-98f0-c822b9490b04,bricks_full,"bricks_full layer, 100 mm thick",100.0,mm,material_id_102,✔ Matched by ID (bricks_full)
LayConstLib_id_02,LayeredConstr_id_0016,Layer_id_92459fc5-e507-4879-8771-a84b2c4184ae,insulation_eps,"insulation_eps layer, 50 mm thick",50.0,mm,material_id_107,✔ Matched by ID (insulation_eps)
LayConstLib_id_02,LayeredConstr_id_0016,Layer_id_3fcb7662-c37b-43b5-805f-886c10e554dd,mortar,"mortar layer, 12 mm thick",12.5,mm,material_id_202,✔ Matched by ID (mortar)
LayConstLib_id_02,LayeredConstr_id_0017,Layer_id_97789e3c-ff70-4223-8ecb-e8d6c6d5b53f,plaster_external,"plaster_external layer, 12 mm thick",12.5,mm,material_id_113,✔ Matched by ID (plaster_external)
LayConstLib_id_02,LayeredConstr_id_0017,Layer_id_c04e5ed9-33a7-4728-b76f-59adeecee9d4,bricks_full,"bricks_full layer, 100 mm thick",100.0,mm,material_id_102,✔ Matched by ID (bricks_full)
LayConstLib_id_02,LayeredConstr_id_0017,Layer_id_3427ec41-5f73-4339-96b2-cbed36d50214,insulation_eps,"insulation_eps layer, 100 mm thick",100.0,mm,material_id_107,✔ Matched by ID (insulation_eps)
LayConstLib_id_02,LayeredConstr_id_0017,Layer_id_2051e6c6-cdfb-427c-be4d-66e81f8a7521,mortar,"mortar layer, 12 mm thick",12.5,mm,material_id_202,✔ Matched by ID (mortar)
LayConstLib_id_02,LayeredConstr_id_0018,Layer_id_57a66728-2a01-480d-8fc6-ede051ff9a7d,plaster_external,"plaster_external layer, 12 mm thick",12.5,mm,material_id_113,✔ Matched by ID (plaster_external)
LayConstLib_id_02,LayeredConstr_id_0018,Layer_id_8dd896f5-e67e-45e0-bd81-b07d850e5caa,bricks_full,"bricks_full layer, 100 mm thick",100.0,mm,material_id_102,✔ Matched by ID (bricks_full)
LayConstLib_id_02,LayeredConstr_id_0018,Layer_id_9a045f28-6f43-4203-a4be-9f4fc5d2730a,insulation_eps,"insulation_eps layer, 125 mm thick",125.0,mm,material_id_107,✔ Matched by ID (insulation_eps)
LayConstLib_id_02,LayeredConstr_id_0018,Layer_id_378d20a3-e650-4ac3-bb2e-34501a8b2af7,mortar,"mortar layer, 12 mm thick",12.5,mm,material_id_202,✔ Matched by ID (mortar)
LayConstLib_id_02,LayeredConstr_id_0019,Layer_id_9284a00a-0be0-49ea-8e24-694fa9daf75d,plaster_external,"plaster_external layer, 12 mm thick",12.5,mm,material_id_113,✔ Matched by ID (plaster_external)
LayConstLib_id_02,LayeredConstr_id_0019,Layer_id_405da1bc-da06-43cf-b8cb-28e5563bc2f1,bricks_full,"bricks_full layer, 100 mm thick",100.0,mm,material_id_102,✔ Matched by ID (bricks_full)
LayConstLib_id_02,LayeredConstr_id_0019,Layer_id_57a8521a-af34-450e-ac9f-381b3dcc253e,insulation_eps,"insulation_eps layer, 150 mm thick",150.0,mm,material_id_107,✔ Matched by ID (insulation_eps)
LayConstLib_id_02,LayeredConstr_id_0019,Layer_id_aa41a098-d707-419d-a0ac-aa313122634f,mortar,"mortar layer, 12 mm thick",12.5,mm,material_id_202,✔ Matched by ID (mortar)
LayConstLib_id_02,LayeredConstr_id_0020,Layer_id_8811d4f6-a212-4b9b-9aca-fb30aa07165d,plaster_external,"plaster_external layer, 12 mm thick",12.5,mm,material_id_113,✔ Matched by ID (plaster_external)
LayConstLib_id_02,LayeredConstr_id_0020,Layer_id_303f5838-6f9d-4809-a7e7-6e4be70b5c98,bricks_full,"bricks_full layer, 100 mm thick",100.0,mm,material_id_102,✔ Matched by ID (bricks_full)
LayConstLib_id_02,LayeredConstr_id_0020,Layer_id_e19f73b5-446a-4589-8c25-1315280e208a,insulation_eps,"insulation_eps layer, 200 mm thick",200.0,mm,material_id_107,✔ Matched by ID (insulation_eps)
LayConstLib_id_02,LayeredConstr_id_0020,Layer_id_243d8c4a-bb1c-43b8-b8a9-8b1c4ccfb6ad,mortar,"mortar layer, 12 mm thick",12.5,mm,material_id_202,✔ Matched by ID (mortar)
LayConstLib_id_02,LayeredConstr_id_0021,Layer_id_cdca43da-fa25-4f37-8e7a-02c51a4b9a9a,plaster_external,"plaster_external layer, 12 mm thick",12.5,mm,material_id_113,✔ Matched by ID (plaster_external)
LayConstLib_id_02,LayeredConstr_id_0021,Layer_id_da023e6a-b822-42c9-8e92-bdcd1576e59c,bricks_full,"bricks_full layer, 125 mm thick",125.0,mm,material_id_102,✔ Matched by ID (bricks_full)
LayConstLib_id_02,LayeredConstr_id_0021,Layer_id_2070041a-cc07-4369-b940-cb37e8941ba8,insulation_eps,"insulation_eps layer, 25 mm thick",25.0,mm,material_id_107,✔ Matched by ID (insulation_eps)
LayConstLib_id_02,LayeredConstr_id_0021,Layer_id_0eda71bc-b30f-4ab6-9f1b-3830c173d5bc,mortar,"mortar layer, 12 mm thick",12.5,mm,material_id_202,✔ Matched by ID (mortar)
LayConstLib_id_02,LayeredConstr_id_0022,Layer_id_59f23be4-ad07-40e7-b5c2-3c48d0710f5e,plaster_external,"plaster_external layer, 12 mm thick",12.5,mm,material_id_113,✔ Matched by ID (plaster_external)
LayConstLib_id_02,LayeredConstr_id_0022,Layer_id_a0aee5f3-261b-407c-a9dc-a542f9c6a404,bricks_full,"bricks_full layer, 125 mm thick",125.0,mm,material_id_102,✔ Matched by ID (bricks_full)
LayConstLib_id_02,LayeredConstr_id_0022,Layer_id_ff9cf13e-0a37-4edc-aa26-11787f0ff8a8,insulation_eps,"insulation_eps layer, 50 mm thick",50.0,mm,material_id_107,✔ Matched by ID (insulation_eps)
LayConstLib_id_02,LayeredConstr_id_0022,Layer_id_73c824e4-627b-4f8d-8eba-10b757d1ad5e,mortar,"mortar layer, 12 mm thick",12.5,mm,material_id_202,✔ Matched by ID (mortar)
LayConstLib_id_02,LayeredConstr_id_0023,Layer_id_43ca9af9-6f7e-401a-84c5-bd41251005fc,plaster_external,"plaster_external layer, 12 mm thick",12.5,mm,material_id_113,✔ Matched by ID (plaster_external)
LayConstLib_id_02,LayeredConstr_id_0023,Layer_id_c51f2ded-01c0-49d8-9fbd-fd2883cf1f95,bricks_full,"bricks_full layer, 125 mm thick",125.0,mm,material_id_102,✔ Matched by ID (bricks_full)
LayConstLib_id_02,LayeredConstr_id_0023,Layer_id_2d96ce9f-5f57-4923-b110-0567b1844408,insulation_eps,"insulation_eps layer, 100 mm thick",100.0,mm,material_id_107,✔ Matched by ID (insulation_eps)
LayConstLib_id_02,LayeredConstr_id_0023,Layer_id_2eb12062-7e0e-4c00-820f-64b5e9bb964a,mortar,"mortar layer, 12 mm thick",12.5,mm,material_id_202,✔ Matched by ID (mortar)
LayConstLib_id_02,LayeredConstr_id_0024,Layer_id_cfab9be7-5f13-4ceb-9c31-2f301bf8578f,plaster_external,"plaster_external layer, 12 mm thick",12.5,mm,material_id_113,✔ Matched by ID (plaster_external)
LayConstLib_id_02,LayeredConstr_id_0024,Layer_id_fc59d075-fc34-4eed-8594-830d51ee1c28,bricks_full,"bricks_full layer, 125 mm thick",125.0,mm,material_id_102,✔ Matched by ID (bricks_full)
LayConstLib_id_02,LayeredConstr_id_0024,Layer_id_94b58986-aea9-4f18-86a4-941bc2a0d3da,insulation_eps,"insulation_eps layer, 125 mm thick",125.0,mm,material_id_107,✔ Matched by ID (insulation_eps)
LayConstLib_id_02,LayeredConstr_id_0024,Layer_id_768ff1d1-f48c-418b-ae5b-b19e4c66badd,mortar,"mortar layer, 12 mm thick",12.5,mm,material_id_202,✔ Matched by ID (mortar)
LayConstLib_id_02,LayeredConstr_id_0025,Layer_id_b87f1410-e6eb-4778-ac5e-e9abaf1b81ca,plaster_external,"plaster_external layer, 12 mm thick",12.5,mm,material_id_113,✔ Matched by ID (plaster_external)
LayConstLib_id_02,LayeredConstr_id_0025,Layer_id_46e04b66-05e6-4a83-9468-2af91693fc10,bricks_full,"bricks_full layer, 125 mm thick",125.0,mm,material_id_102,✔ Matched by ID (bricks_full)
LayConstLib_id_02,LayeredConstr_id_0025,Layer_id_0bfb08cf-65ab-4e88-a37e-cc1c9ec2211f,insulation_eps,"insulation_eps layer, 150 mm thick",150.0,mm,material_id_107,✔ Matched by ID (insulation_eps)
LayConstLib_id_02,LayeredConstr_id_0025,Layer_id_a9c5308d-6b8b-46f0-80e7-d102f4701f21,mortar,"mortar layer, 12 mm thick",12.5,mm,material_id_202,✔ Matched by ID (mortar)
LayConstLib_id_02,LayeredConstr_id_0026,Layer_id_8565dbb5-0bc9-4472-b5ce-5be64fe232cb,plaster_external,"plaster_external layer, 12 mm thick",12.5,mm,material_id_113,✔ Matched by ID (plaster_external)
LayConstLib_id_02,LayeredConstr_id_0026,Layer_id_043af64e-9e49-428d-a539-599caad9ef56,bricks_full,"bricks_full layer, 125 mm thick",125.0,mm,material_id_102,✔ Matched by ID (bricks_full)
LayConstLib_id_02,LayeredConstr_id_0026,Layer_id_cdc1fe57-1d23-4e85-a2bc-aff618af1278,insulation_eps,"insulation_eps layer, 200 mm thick",200.0,mm,material_id_107,✔ Matched by ID (insulation_eps)
LayConstLib_id_02,LayeredConstr_id_0026,Layer_id_ec3ea677-21fc-40a6-8947-9313aa506f16,mortar,"mortar layer, 12 mm thick",12.5,mm,material_id_202,✔ Matched by ID (mortar)
LayConstLib_id_02,LayeredConstr_id_0027,Layer_id_4a904e16-607c-4ba6-a289-6bea51b3e760,plaster_external,"plaster_external layer, 12 mm thick",12.5,mm,material_id_113,✔ Matched by ID (plaster_external)
LayConstLib_id_02,LayeredConstr_id_0027,Layer_id_bfcb1305-454d-466a-b02d-7457e9e737a1,bricks_full,"bricks_full layer, 150 mm thick",150.0,mm,material_id_102,✔ Matched by ID (bricks_full)
LayConstLib_id_02,LayeredConstr_id_0027,Layer_id_285409ca-4d88-4841-98d1-f699ca2c76c0,insulation_eps,"insulation_eps layer, 25 mm thick",25.0,mm,material_id_107,✔ Matched by ID (insulation_eps)
LayConstLib_id_02,LayeredConstr_id_0027,Layer_id_4f2aaf62-80fb-406e-b0b6-97cf61bc97da,mortar,"mortar layer, 12 mm thick",12.5,mm,material_id_202,✔ Matched by ID (mortar)
LayConstLib_id_02,LayeredConstr_id_0028,Layer_id_3538e6a7-0a43-4f38-92f7-15af21689459,plaster_external,"plaster_external layer, 12 mm thick",12.5,mm,material_id_113,✔ Matched by ID (plaster_external)
LayConstLib_id_02,LayeredConstr_id_0028,Layer_id_f124ece0-e9e6-468a-a77b-35c5add016e0,bricks_full,"bricks_full layer, 150 mm thick",150.0,mm,material_id_102,✔ Matched by ID (bricks_full)
LayConstLib_id_02,LayeredConstr_id_0028,Layer_id_76bda09e-043c-4ccd-a0db-de9aed8b175a,insulation_eps,"insulation_eps layer, 50 mm thick",50.0,mm,material_id_107,✔ Matched by ID (insulation_eps)
LayConstLib_id_02,LayeredConstr_id_0028,Layer_id_72b3f8cd-4aa1-46ca-a60f-4f2959f3dd44,mortar,"mortar layer, 12 mm thick",12.5,mm,material_id_202,✔ Matched by ID (mortar)
LayConstLib_id_02,LayeredConstr_id_0029,Layer_id_3c0f658d-3a98-416b-a6fc-623c2ac66ced,plaster_external,"plaster_external layer, 12 mm thick",12.5,mm,material_id_113,✔ Matched by ID (plaster_external)
LayConstLib_id_02,LayeredConstr_id_0029,Layer_id_e2922b02-fe12-4a1b-9a3b-ad2948860aa5,bricks_full,"bricks_full layer, 150 mm thick",150.0,mm,material_id_102,✔ Matched by ID (bricks_full)
LayConstLib_id_02,LayeredConstr_id_0029,Layer_id_15662a35-b8a1-445f-9c51-c66ec3ec0d39,insulation_eps,"insulation_eps layer, 100 mm thick",100.0,mm,material_id_107,✔ Matched by ID (insulation_eps)
LayConstLib_id_02,LayeredConstr_id_0029,Layer_id_17fbc2a1-d7de-4ba1-aeaa-15aa749f1d72,mortar,"mortar layer, 12 mm thick",12.5,mm,material_id_202,✔ Matched by ID (mortar)
LayConstLib_id_02,LayeredConstr_id_0030,Layer_id_1a0c7e9f-d65d-4e55-9bad-8c622d7eb2e5,plaster_external,"plaster_external layer, 12 mm thick",12.5,mm,material_id_113,✔ Matched by ID (plaster_external)
LayConstLib_id_02,LayeredConstr_id_0030,Layer_id_60118109-1616-40b2-bc3a-12d7eaba7fb3,bricks_full,"bricks_full layer, 150 mm thick",150.0,mm,material_id_102,✔ Matched by ID (bricks_full)
LayConstLib_id_02,LayeredConstr_id_0030,Layer_id_0b4ad13b-75ad-4b28-bb51-db71ed2e85f1,insulation_eps,"insulation_eps layer, 125 mm thick",125.0,mm,material_id_107,✔ Matched by ID (insulation_eps)
LayConstLib_id_02,LayeredConstr_id_0030,Layer_id_b319d1dd-237b-456a-a2d1-26d84aa2f28f,mortar,"mortar layer, 12 mm thick",12.5,mm,material_id_202,✔ Matched by ID (mortar)
LayConstLib_id_02,LayeredConstr_id_0031,Layer_id_7f736302-df02-42a4-ab77-e8c50e93e823,plaster_external,"plaster_external layer, 12 mm thick",12.5,mm,material_id_113,✔ Matched by ID (plaster_external)
LayConstLib_id_02,LayeredConstr_id_0031,Layer_id_9bbb569f-19e9-4cb2-a796-0ef3c65e8320,bricks_full,"bricks_full layer, 150 mm thick",150.0,mm,material_id_102,✔ Matched by ID (bricks_full)
LayConstLib_id_02,LayeredConstr_id_0031,Layer_id_46e360a6-7a6f-4f30-b565-e8869c113a98,insulation_eps,"insulation_eps layer, 150 mm thick",150.0,mm,material_id_107,✔ Matched by ID (insulation_eps)
LayConstLib_id_02,LayeredConstr_id_0031,Layer_id_cfd2dcd3-3eff-471d-a17a-0e78b4563e0b,mortar,"mortar layer, 12 mm thick",12.5,mm,material_id_202,✔ Matched by ID (mortar)
LayConstLib_id_02,LayeredConstr_id_0032,Layer_id_e1777403-f255-41ba-8c7f-999f7613c78c,plaster_external,"plaster_external layer, 12 mm thick",12.5,mm,material_id_113,✔ Matched by ID (plaster_external)
LayConstLib_id_02,LayeredConstr_id_0032,Layer_id_506ce514-86a9-4ea6-84e2-d25bc8fedc0c,bricks_full,"bricks_full layer, 150 mm thick",150.0,mm,material_id_102,✔ Matched by ID (bricks_full)
LayConstLib_id_02,LayeredConstr_id_0032,Layer_id_4fe377c5-ba99-4b41-be2a-913ecbe447f3,insulation_eps,"insulation_eps layer, 200 mm thick",200.0,mm,material_id_107,✔ Matched by ID (insulation_eps)
LayConstLib_id_02,LayeredConstr_id_0032,Layer_id_ea9909ec-5f74-400a-8540-500092c9ebca,mortar,"mortar layer, 12 mm thick",12.5,mm,material_id_202,✔ Matched by ID (mortar)
LayConstLib_id_02,LayeredConstr_id_0033,Layer_id_96d2dba5-ad0d-4540-9a41-a886158d0728,plaster_external,"plaster_external layer, 12 mm thick",12.5,mm,material_id_113,✔ Matched by ID (plaster_external)
LayConstLib_id_02,LayeredConstr_id_0033,Layer_id_5784943e-2a12-4c47-bf0d-26e55289d39b,bricks_full,"bricks_full layer, 175 mm thick",175.0,mm,material_id_102,✔ Matched by ID (bricks_full)
LayConstLib_id_02,LayeredConstr_id_0033,Layer_id_fca2ef5b-f3cf-47b3-ac36-e1515c2041b5,insulation_eps,"insulation_eps layer, 25 mm thick",25.0,mm,material_id_107,✔ Matched by ID (insulation_eps)
LayConstLib_id_02,LayeredConstr_id_0033,Layer_id_5e442ab6-792d-4c94-a5ab-48ab32af817f,mortar,"mortar layer, 12 mm thick",12.5,mm,material_id_202,✔ Matched by ID (mortar)
LayConstLib_id_02,LayeredConstr_id_0034,Layer_id_1f6ad780-760f-41ee-8b3c-571cd8b87d17,plaster_external,"plaster_external layer, 12 mm thick",12.5,mm,material_id_113,✔ Matched by ID (plaster_external)
LayConstLib_id_02,LayeredConstr_id_0034,Layer_id_d94cf300-451c-42ca-9deb-666fa45170ea,bricks_full,"bricks_full layer, 175 mm thick",175.0,mm,material_id_102,✔ Matched by ID (bricks_full)
LayConstLib_id_02,LayeredConstr_id_0034,Layer_id_e4b092c5-19f1-464f-93b3-e6173a0b74fa,insulation_eps,"insulation_eps layer, 50 mm thick",50.0,mm,material_id_107,✔ Matched by ID (insulation_eps)
LayConstLib_id_02,LayeredConstr_id_0034,Layer_id_2b079ff3-f604-4245-827d-1317e9d35d6c,mortar,"mortar layer, 12 mm thick",12.5,mm,material_id_202,✔ Matched by ID (mortar)
LayConstLib_id_02,LayeredConstr_id_0035,Layer_id_46c13e4e-e8b3-49f2-a14c-9022ddf1b423,plaster_external,"plaster_external layer, 12 mm thick",12.5,mm,material_id_113,✔ Matched by ID (plaster_external)
LayConstLib_id_02,LayeredConstr_id_0035,Layer_id_2c21c28a-5455-421e-9918-e3e4f7cbd16f,bricks_full,"bricks_full layer, 175 mm thick",175.0,mm,material_id_102,✔ Matched by ID (bricks_full)
LayConstLib_id_02,LayeredConstr_id_0035,Layer_id_eb166e88-ad5d-4fa8-8224-88712e71a0a5,insulation_eps,"insulation_eps layer, 100 mm thick",100.0,mm,material_id_107,✔ Matched by ID (insulation_eps)
LayConstLib_id_02,LayeredConstr_id_0035,Layer_id_a9c07483-da7f-4115-968a-dc4592d6e4ec,mortar,"mortar layer, 12 mm thick",12.5,mm,material_id_202,✔ Matched by ID (mortar)
LayConstLib_id_02,LayeredConstr_id_0036,Layer_id_c292b8ce-9187-4bbe-8893-91af65ee6e79,plaster_external,"plaster_external layer, 12 mm thick",12.5,mm,material_id_113,✔ Matched by ID (plaster_external)
LayConstLib_id_02,LayeredConstr_id_0036,Layer_id_d55b95aa-efec-41bd-ba7e-e1f2077faeee,bricks_full,"bricks_full layer, 175 mm thick",175.0,mm,material_id_102,✔ Matched by ID (bricks_full)
LayConstLib_id_02,LayeredConstr_id_0036,Layer_id_31321dd2-27d9-4323-9237-65b77e3086b2,insulation_eps,"insulation_eps layer, 125 mm thick",125.0,mm,material_id_107,✔ Matched by ID (insulation_eps)
LayConstLib_id_02,LayeredConstr_id_0036,Layer_id_b3144972-fd51-45af-b1c7-c7ae94c851dd,mortar,"mortar layer, 12 mm thick",12.5,mm,material_id_202,✔ Matched by ID (mortar)
LayConstLib_id_02,LayeredConstr_id_0037,Layer_id_e019c435-6ece-4c94-9bb4-f2afb1b9cf51,plaster_external,"plaster_external layer, 12 mm thick",12.5,mm,material_id_113,✔ Matched by ID (plaster_external)
LayConstLib_id_02,LayeredConstr_id_0037,Layer_id_e694d5cb-cf59-4a80-809e-1d8dd2b1b106,bricks_full,"bricks_full layer, 175 mm thick",175.0,mm,material_id_102,✔ Matched by ID (bricks_full)
LayConstLib_id_02,LayeredConstr_id_0037,Layer_id_f9554ee8-468e-4d02-adda-e1c61d7dd942,insulation_eps,"insulation_eps layer, 150 mm thick",150.0,mm,material_id_107,✔ Matched by ID (insulation_eps)
LayConstLib_id_02,LayeredConstr_id_0037,Layer_id_e985fd06-6080-4d19-84b4-b230b24365d0,mortar,"mortar layer, 12 mm thick",12.5,mm,material_id_202,✔ Matched by ID (mortar)
LayConstLib_id_02,LayeredConstr_id_0038,Layer_id_75dac039-d3d3-4bcc-ad33-b1e54cdceb3d,plaster_external,"plaster_external layer, 12 mm thick",12.5,mm,material_id_113,✔ Matched by ID (plaster_external)
LayConstLib_id_02,LayeredConstr_id_0038,Layer_id_4501be5d-0a57-4caf-b664-700be0bb92b7,bricks_full,"bricks_full layer, 175 mm thick",175.0,mm,material_id_102,✔ Matched by ID (bricks_full)
LayConstLib_id_02,LayeredConstr_id_0038,Layer_id_35b6daed-717b-4bb4-b183-58dbb1d90e27,insulation_eps,"insulation_eps layer, 200 mm thick",200.0,mm,material_id_107,✔ Matched by ID (insulation_eps)
LayConstLib_id_02,LayeredConstr_id_0038,Layer_id_dbcb939b-5c4d-427e-88e2-221824e2767d,mortar,"mortar layer, 12 mm thick",12.5,mm,material_id_202,✔ Matched by ID (mortar)
LayConstLib_id_02,LayeredConstr_id_0039,Layer_id_9d31bf23-c8d3-40c0-b1bc-917f20788985,plaster_external,"plaster_external layer, 12 mm thick",12.5,mm,material_id_113,✔ Matched by ID (plaster_external)
LayConstLib_id_02,LayeredConstr_id_0039,Layer_id_74e7104c-69ae-4e83-8342-afe82bf9086a,bricks_full,"bricks_full layer, 200 mm thick",200.0,mm,material_id_102,✔ Matched by ID (bricks_full)
LayConstLib_id_02,LayeredConstr_id_0039,Layer_id_3add651f-58ae-4b56-8b89-6916b4ba53c7,insulation_eps,"insulation_eps layer, 25 mm thick",25.0,mm,material_id_107,✔ Matched by ID (insulation_eps)
LayConstLib_id_02,LayeredConstr_id_0039,Layer_id_693658c9-b812-4715-b577-818fbbfd2491,mortar,"mortar layer, 12 mm thick",12.5,mm,material_id_202,✔ Matched by ID (mortar)
LayConstLib_id_02,LayeredConstr_id_0040,Layer_id_b55849d6-716a-459e-9948-ae1c97062250,plaster_external,"plaster_external layer, 12 mm thick",12.5,mm,material_id_113,✔ Matched by ID (plaster_external)
LayConstLib_id_02,LayeredConstr_id_0040,Layer_id_114d91aa-fb09-4d98-a30c-ea1b02e0d6d4,bricks_full,"bricks_full layer, 200 mm thick",200.0,mm,material_id_102,✔ Matched by ID (bricks_full)
LayConstLib_id_02,LayeredConstr_id_0040,Layer_id_a6100ca2-8be9-4946-888a-0bf17143cdb4,insulation_eps,"insulation_eps layer, 50 mm thick",50.0,mm,material_id_107,✔ Matched by ID (insulation_eps)
LayConstLib_id_02,LayeredConstr_id_0040,Layer_id_a6f0318b-6d05-4119-9806-0447aad4b85a,mortar,"mortar layer, 12 mm thick",12.5,mm,material_id_202,✔ Matched by ID (mortar)
LayConstLib_id_02,LayeredConstr_id_0041,Layer_id_6db30a95-ce6e-4e6b-8adc-57dab4fe00ca,plaster_external,"plaster_external layer, 12 mm thick",12.5,mm,material_id_113,✔ Matched by ID (plaster_external)
LayConstLib_id_02,LayeredConstr_id_0041,Layer_id_ac720911-4334-48f3-ad93-52d7d16bfcb1,bricks_full,"bricks_full layer, 200 mm thick",200.0,mm,material_id_102,✔ Matched by ID (bricks_full)
LayConstLib_id_02,LayeredConstr_id_0041,Layer_id_ec62ec47-de23-4873-9560-bbd0e7ead90d,insulation_eps,"insulation_eps layer, 100 mm thick",100.0,mm,material_id_107,✔ Matched by ID (insulation_eps)
LayConstLib_id_02,LayeredConstr_id_0041,Layer_id_90078a7d-d2a1-4835-899a-ce641d8cb8b5,mortar,"mortar layer, 12 mm thick",12.5,mm,material_id_202,✔ Matched by ID (mortar)
LayConstLib_id_02,LayeredConstr_id_0042,Layer_id_0858fb1f-e4aa-4a1a-93e6-3174e018dba9,plaster_external,"plaster_external layer, 12 mm thick",12.5,mm,material_id_113,✔ Matched by ID (plaster_external)
LayConstLib_id_02,LayeredConstr_id_0042,Layer_id_21f0e5cb-4f55-4866-bea9-49659958bdce,bricks_full,"bricks_full layer, 200 mm thick",200.0,mm,material_id_102,✔ Matched by ID (bricks_full)
LayConstLib_id_02,LayeredConstr_id_0042,Layer_id_7d9ce829-f456-4ab7-994f-ea38ba3d4890,insulation_eps,"insulation_eps layer, 125 mm thick",125.0,mm,material_id_107,✔ Matched by ID (insulation_eps)
LayConstLib_id_02,LayeredConstr_id_0042,Layer_id_bdfdc3e7-27e7-43d4-abf2-60522c3fb5eb,mortar,"mortar layer, 12 mm thick",12.5,mm,material_id_202,✔ Matched by ID (mortar)
LayConstLib_id_02,LayeredConstr_id_0043,Layer_id_328e944e-5d90-447e-b677-2d9811c3b219,plaster_external,"plaster_external layer, 12 mm thick",12.5,mm,material_id_113,✔ Matched by ID (plaster_external)
LayConstLib_id_02,LayeredConstr_id_0043,Layer_id_05c806e7-6ebf-40c6-9c13-60e58afbada1,bricks_full,"bricks_full layer, 200 mm thick",200.0,mm,material_id_102,✔ Matched by ID (bricks_full)
LayConstLib_id_02,LayeredConstr_id_0043,Layer_id_fa0430bc-561a-4735-a4f9-5b95bc813900,insulation_eps,"insulation_eps layer, 150 mm thick",150.0,mm,material_id_107,✔ Matched by ID (insulation_eps)
LayConstLib_id_02,LayeredConstr_id_0043,Layer_id_c25178cb-2f13-4f78-a52c-762929f1b842,mortar,"mortar layer, 12 mm thick",12.5,mm,material_id_202,✔ Matched by ID (mortar)
LayConstLib_id_02,LayeredConstr_id_0044,Layer_id_357420a6-2fc1-4840-b904-4f9024bfefc9,plaster_external,"plaster_external layer, 12 mm thick",12.5,mm,material_id_113,✔ Matched by ID (plaster_external)
LayConstLib_id_02,LayeredConstr_id_0044,Layer_id_5924eecc-6a78-4fc7-9b2f-9a20338e0d15,bricks_full,"bricks_full layer, 200 mm thick",200.0,mm,material_id_102,✔ Matched by ID (bricks_full)
LayConstLib_id_02,LayeredConstr_id_0044,Layer_id_467ee088-d749-4df2-8abe-fc7ac047c8b8,insulation_eps,"insulation_eps layer, 200 mm thick",200.0,mm,material_id_107,✔ Matched by ID (insulation_eps)
LayConstLib_id_02,LayeredConstr_id_0044,Layer_id_c1d66fc8-04ab-4f27-9698-aeb5b6409acf,mortar,"mortar layer, 12 mm thick",12.5,mm,material_id_202,✔ Matched by ID (mortar)
LayConstLib_id_02,LayeredConstr_id_0045,Layer_id_9ed5f44c-b656-465c-87d9-82b97ea3cf5d,plaster_external,"plaster_external layer, 12 mm thick",12.5,mm,material_id_113,✔ Matched by ID (plaster_external)
LayConstLib_id_02,LayeredConstr_id_0045,Layer_id_c61d4479-60cb-4d7f-a68a-b587628eda85,bricks_full,"bricks_full layer, 250 mm thick",250.0,mm,material_id_102,✔ Matched by ID (bricks_full)
LayConstLib_id_02,LayeredConstr_id_0045,Layer_id_860ee631-1384-4446-8d9b-62233af8cef0,insulation_eps,"insulation_eps layer, 25 mm thick",25.0,mm,material_id_107,✔ Matched by ID (insulation_eps)
LayConstLib_id_02,LayeredConstr_id_0045,Layer_id_6bc32579-5c61-4684-a1e6-af938762244a,mortar,"mortar layer, 12 mm thick",12.5,mm,material_id_202,✔ Matched by ID (mortar)
LayConstLib_id_02,LayeredConstr_id_0046,Layer_id_0b44a267-fa0c-4a12-b773-002b9dc0846b,plaster_external,"plaster_external layer, 12 mm thick",12.5,mm,material_id_113,✔ Matched by ID (plaster_external)
LayConstLib_id_02,LayeredConstr_id_0046,Layer_id_06187854-4a25-4d66-b468-c130386bfcda,bricks_full,"bricks_full layer, 250 mm thick",250.0,mm,material_id_102,✔ Matched by ID (bricks_full)
LayConstLib_id_02,LayeredConstr_id_0046,Layer_id_0873ff37-0156-406c-8513-7e26cba1e819,insulation_eps,"insulation_eps layer, 50 mm thick",50.0,mm,material_id_107,✔ Matched by ID (insulation_eps)
LayConstLib_id_02,LayeredConstr_id_0046,Layer_id_4f2de6ef-3565-4520-a5ec-80fec34fc2c6,mortar,"mortar layer, 12 mm thick",12.5,mm,material_id_202,✔ Matched by ID (mortar)
LayConstLib_id_02,LayeredConstr_id_0047,Layer_id_f2bde857-3e84-42ab-aa55-e2106d5ba3c3,plaster_external,"plaster_external layer, 12 mm thick",12.5,mm,material_id_113,✔ Matched by ID (plaster_external)
LayConstLib_id_02,LayeredConstr_id_0047,Layer_id_8cd595bb-02b4-4044-9fae-984f9fb2c010,bricks_full,"bricks_full layer, 250 mm thick",250.0,mm,material_id_102,✔ Matched by ID (bricks_full)
LayConstLib_id_02,LayeredConstr_id_0047,Layer_id_320af429-f929-4b17-a117-0a08eeefeed5,insulation_eps,"insulation_eps layer, 100 mm thick",100.0,mm,material_id_107,✔ Matched by ID (insulation_eps)
LayConstLib_id_02,LayeredConstr_id_0047,Layer_id_fc522432-b13b-4724-9a0b-5e87c87279dd,mortar,"mortar layer, 12 mm thick",12.5,mm,material_id_202,✔ Matched by ID (mortar)
LayConstLib_id_02,LayeredConstr_id_0048,Layer_id_c089c3ec-a019-484b-a43a-0a0c4bbcd2f7,plaster_external,"plaster_external layer, 12 mm thick",12.5,mm,material_id_113,✔ Matched by ID (plaster_external)
LayConstLib_id_02,LayeredConstr_id_0048,Layer_id_18202a5b-4850-4e50-9dec-8246913ccf54,bricks_full,"bricks_full layer, 250 mm thick",250.0,mm,material_id_102,✔ Matched by ID (bricks_full)
LayConstLib_id_02,LayeredConstr_id_0048,Layer_id_f2f341a3-301a-41b0-b2d3-7909f60c771a,insulation_eps,"insulation_eps layer, 125 mm thick",125.0,mm,material_id_107,✔ Matched by ID (insulation_eps)
LayConstLib_id_02,LayeredConstr_id_0048,Layer_id_00cd5c81-f2e0-490d-8045-61fd313d3547,mortar,"mortar layer, 12 mm thick",12.5,mm,material_id_202,✔ Matched by ID (mortar)
LayConstLib_id_02,LayeredConstr_id_0049,Layer_id_2e2b86aa-4ba2-45de-a583-237478054c88,plaster_external,"plaster_external layer, 12 mm thick",12.5,mm,material_id_113,✔ Matched by ID (plaster_external)
LayConstLib_id_02,LayeredConstr_id_0049,Layer_id_9d926041-4a73-4dc4-a2b9-8d0c518e86cb,bricks_full,"bricks_full layer, 250 mm thick",250.0,mm,material_id_102,✔ Matched by ID (bricks_full)
LayConstLib_id_02,LayeredConstr_id_0049,Layer_id_9b8907d0-eccb-4366-a208-ea460829f3af,insulation_eps,"insulation_eps layer, 150 mm thick",150.0,mm,material_id_107,✔ Matched by ID (insulation_eps)
LayConstLib_id_02,LayeredConstr_id_0049,Layer_id_e3826f1d-d796-4429-b96c-ad394bc6c99a,mortar,"mortar layer, 12 mm thick",12.5,mm,material_id_202,✔ Matched by ID (mortar)
LayConstLib_id_02,LayeredConstr_id_0050,Layer_id_2c0d728e-2835-4701-9fb7-7514430557e6,plaster_external,"plaster_external layer, 12 mm thick",12.5,mm,material_id_113,✔ Matched by ID (plaster_external)
LayConstLib_id_02,LayeredConstr_id_0050,Layer_id_ec00e3b2-a64a-416e-b38c-18ed500537be,bricks_full,"bricks_full layer, 250 mm thick",250.0,mm,material_id_102,✔ Matched by ID (bricks_full)
LayConstLib_id_02,LayeredConstr_id_0050,Layer_id_67837280-441a-495d-ba7a-92ab41c5fb7e,insulation_eps,"insulation_eps layer, 200 mm thick",200.0,mm,material_id_107,✔ Matched by ID (insulation_eps)
LayConstLib_id_02,LayeredConstr_id_0050,Layer_id_ce8a2108-989a-4472-a227-35faaa53ef12,mortar,"mortar layer, 12 mm thick",12.5,mm,material_id_202,✔ Matched by ID (mortar)
LayConstLib_id_02,LayeredConstr_id_0051,Layer_id_00fd65a0-bb20-4903-a61c-1e2234fcc093,plaster_external,"plaster_external layer, 12 mm thick",12.5,mm,material_id_113,✔ Matched by ID (plaster_external)
LayConstLib_id_02,LayeredConstr_id_0051,Layer_id_ae6efec2-1787-427e-8354-b2c7246b33b2,bricks_full,"bricks_full layer, 300 mm thick",300.0,mm,material_id_102,✔ Matched by ID (bricks_full)
LayConstLib_id_02,LayeredConstr_id_0051,Layer_id_067a2300-bc49-48ed-bc1a-8e59608799fa,insulation_eps,"insulation_eps layer, 25 mm thick",25.0,mm,material_id_107,✔ Matched by ID (insulation_eps)
LayConstLib_id_02,LayeredConstr_id_0051,Layer_id_5c122f47-0ef6-47d0-b9ec-f4a63a0b38ee,mortar,"mortar layer, 12 mm thick",12.5,mm,material_id_202,✔ Matched by ID (mortar)
LayConstLib_id_02,LayeredConstr_id_0052,Layer_id_19f22dc5-be43-4daf-abf5-02d3705c68a7,plaster_external,"plaster_external layer, 12 mm thick",12.5,mm,material_id_113,✔ Matched by ID (plaster_external)
LayConstLib_id_02,LayeredConstr_id_0052,Layer_id_3dea3ac1-6b60-4372-8a9c-9777703a5a56,bricks_full,"bricks_full layer, 300 mm thick",300.0,mm,material_id_102,✔ Matched by ID (bricks_full)
LayConstLib_id_02,LayeredConstr_id_0052,Layer_id_a5c5d8fa-a93b-4a22-b50a-63e511c5cf82,insulation_eps,"insulation_eps layer, 50 mm thick",50.0,mm,material_id_107,✔ Matched by ID (insulation_eps)
LayConstLib_id_02,LayeredConstr_id_0052,Layer_id_b60a6327-a083-41b4-ae58-72499a6ad40c,mortar,"mortar layer, 12 mm thick",12.5,mm,material_id_202,✔ Matched by ID (mortar)
LayConstLib_id_02,LayeredConstr_id_0053,Layer_id_c8c89c0c-bced-47a0-871b-2a9defc51de1,plaster_external,"plaster_external layer, 12 mm thick",12.5,mm,material_id_113,✔ Matched by ID (plaster_external)
LayConstLib_id_02,LayeredConstr_id_0053,Layer_id_5d8b86c7-b19c-47fd-ae91-32b3d7ceb979,bricks_full,"bricks_full layer, 300 mm thick",300.0,mm,material_id_102,✔ Matched by ID (bricks_full)
LayConstLib_id_02,LayeredConstr_id_0053,Layer_id_992b299f-e162-496c-9ac2-fe1a155b511a,insulation_eps,"insulation_eps layer, 100 mm thick",100.0,mm,material_id_107,✔ Matched by ID (insulation_eps)
LayConstLib_id_02,LayeredConstr_id_0053,Layer_id_b2652ef5-404f-4494-be21-608ace129aaf,mortar,"mortar layer, 12 mm thick",12.5,mm,material_id_202,✔ Matched by ID (mortar)
LayConstLib_id_02,LayeredConstr_id_0054,Layer_id_30a0bcc1-559c-4b9f-95ed-8e3195eaaf1a,plaster_external,"plaster_external layer, 12 mm thick",12.5,mm,material_id_113,✔ Matched by ID (plaster_external)
LayConstLib_id_02,LayeredConstr_id_0054,Layer_id_02c52326-a47b-461c-87b0-16d1de943b2f,bricks_full,"bricks_full layer, 300 mm thick",300.0,mm,material_id_102,✔ Matched by ID (bricks_full)
LayConstLib_id_02,LayeredConstr_id_0054,Layer_id_8fa92a78-56ec-4030-8f17-082715b6fdd8,insulation_eps,"insulation_eps layer, 125 mm thick",125.0,mm,material_id_107,✔ Matched by ID (insulation_eps)
LayConstLib_id_02,LayeredConstr_id_0054,Layer_id_ea37990f-a957-4905-bded-b09b11e540d4,mortar,"mortar layer, 12 mm thick",12.5,mm,material_id_202,✔ Matched by ID (mortar)
LayConstLib_id_02,LayeredConstr_id_0055,Layer_id_1799382e-4d06-435c-8f3f-3e6ee960992e,plaster_external,"plaster_external layer, 12 mm thick",12.5,mm,material_id_113,✔ Matched by ID (plaster_external)
LayConstLib_id_02,LayeredConstr_id_0055,Layer_id_bb1ecfc5-effa-44df-9f0e-4d74629e0a9e,bricks_full,"bricks_full layer, 300 mm thick",300.0,mm,material_id_102,✔ Matched by ID (bricks_full)
LayConstLib_id_02,LayeredConstr_id_0055,Layer_id_50dd54ab-1125-4f3e-81f6-23197507f1b2,insulation_eps,"insulation_eps layer, 150 mm thick",150.0,mm,material_id_107,✔ Matched by ID (insulation_eps)
LayConstLib_id_02,LayeredConstr_id_0055,Layer_id_f3deae39-eafd-4723-8400-e850180ea752,mortar,"mortar layer, 12 mm thick",12.5,mm,material_id_202,✔ Matched by ID (mortar)
LayConstLib_id_02,LayeredConstr_id_0056,Layer_id_175581c6-73d4-4cda-8933-5475da6454d2,plaster_external,"plaster_external layer, 12 mm thick",12.5,mm,material_id_113,✔ Matched by ID (plaster_external)
LayConstLib_id_02,LayeredConstr_id_0056,Layer_id_2f59c63f-8e60-4419-8567-6eddcdc453ab,bricks_full,"bricks_full layer, 300 mm thick",300.0,mm,material_id_102,✔ Matched by ID (bricks_full)
LayConstLib_id_02,LayeredConstr_id_0056,Layer_id_12f854f8-6878-4a6c-b396-77e54d9128ef,insulation_eps,"insulation_eps layer, 200 mm thick",200.0,mm,material_id_107,✔ Matched by ID (insulation_eps)
LayConstLib_id_02,LayeredConstr_id_0056,Layer_id_6a6f1871-53ed-4819-88ec-18e3ec6a92b8,mortar,"mortar layer, 12 mm thick",12.5,mm,material_id_202,✔ Matched by ID (mortar)
LayConstLib_id_02,LayeredConstr_id_0057,Layer_id_134fae41-eb88-49db-8f8e-3145ab2e34c0,plaster_external,"plaster_external layer, 12 mm thick",12.5,mm,material_id_113,✔ Matched by ID (plaster_external)
LayConstLib_id_02,LayeredConstr_id_0057,Layer_id_701f5af3-d9a2-4644-b867-bf767cab0adb,concrete_reinforced,"concrete_reinforced layer, 100 mm thick",100.0,mm,material_id_104,✔ Matched by ID (concrete_reinforced)
LayConstLib_id_02,LayeredConstr_id_0057,Layer_id_715bc29c-89c3-4d75-8307-abaa2670db84,mortar,"mortar layer, 12 mm thick",12.5,mm,material_id_202,✔ Matched by ID (mortar)
LayConstLib_id_02,LayeredConstr_id_0058,Layer_id_81530c12-01c9-4de0-b0ec-caaaa38c9899,plaster_external,"plaster_external layer, 12 mm thick",12.5,mm,material_id_113,✔ Matched by ID (plaster_external)
LayConstLib_id_02,LayeredConstr_id_0058,Layer_id_00733f40-a001-4e54-8693-708c9c0b755f,concrete_reinforced,"concrete_reinforced layer, 100 mm thick",100.0,mm,material_id_104,✔ Matched by ID (concrete_reinforced)
LayConstLib_id_02,LayeredConstr_id_0058,Layer_id_2ea6c896-e7e6-4483-9576-7bf7b0a233a9,insulation_eps,"insulation_eps layer, 25 mm thick",25.0,mm,material_id_107,✔ Matched by ID (insulation_eps)
LayConstLib_id_02,LayeredConstr_id_0058,Layer_id_48453125-f721-4fbc-ba65-b965fd9b93df,mortar,"mortar layer, 12 mm thick",12.5,mm,material_id_202,✔ Matched by ID (mortar)
LayConstLib_id_02,LayeredConstr_id_0059,Layer_id_6e06d2fb-b383-43e7-beb8-d42ba7c0f26a,plaster_external,"plaster_external layer, 12 mm thick",12.5,mm,material_id_113,✔ Matched by ID (plaster_external)
LayConstLib_id_02,LayeredConstr_id_0059,Layer_id_e878d356-5cad-4d90-a484-e3f8a25e2145,concrete_reinforced,"concrete_reinforced layer, 100 mm thick",100.0,mm,material_id_104,✔ Matched by ID (concrete_reinforced)
LayConstLib_id_02,LayeredConstr_id_0059,Layer_id_0b6f6359-5766-4a8c-9ac3-fd02a876ea3a,insulation_eps,"insulation_eps layer, 50 mm thick",50.0,mm,material_id_107,✔ Matched by ID (insulation_eps)
LayConstLib_id_02,LayeredConstr_id_0059,Layer_id_3259f6c8-c104-4455-bc68-0888e331583b,mortar,"mortar layer, 12 mm thick",12.5,mm,material_id_202,✔ Matched by ID (mortar)
LayConstLib_id_02,LayeredConstr_id_0060,Layer_id_957e1ab2-7775-4f4c-af42-a6d99e90b4a0,plaster_external,"plaster_external layer, 12 mm thick",12.5,mm,material_id_113,✔ Matched by ID (plaster_external)
LayConstLib_id_02,LayeredConstr_id_0060,Layer_id_d492be0e-5caa-4f34-89e8-3ed14c57dcff,concrete_reinforced,"concrete_reinforced layer, 100 mm thick",100.0,mm,material_id_104,✔ Matched by ID (concrete_reinforced)
LayConstLib_id_02,LayeredConstr_id_0060,Layer_id_e79de955-4200-4cca-86da-360fdbb5e295,insulation_eps,"insulation_eps layer, 100 mm thick",100.0,mm,material_id_107,✔ Matched by ID (insulation_eps)
LayConstLib_id_02,LayeredConstr_id_0060,Layer_id_3e103c54-f382-40b1-bead-d229d3165c08,mortar,"mortar layer, 12 mm thick",12.5,mm,material_id_202,✔ Matched by ID (mortar)
LayConstLib_id_02,LayeredConstr_id_0061,Layer_id_93eabb26-558a-4d40-af66-077f7647cfa4,plaster_external,"plaster_external layer, 12 mm thick",12.5,mm,material_id_113,✔ Matched by ID (plaster_external)
LayConstLib_id_02,LayeredConstr_id_0061,Layer_id_f76118ac-d30d-483d-a19c-b67113bc6fa0,concrete_reinforced,"concrete_reinforced layer, 100 mm thick",100.0,mm,material_id_104,✔ Matched by ID (concrete_reinforced)
LayConstLib_id_02,LayeredConstr_id_0061,Layer_id_7c47ebda-a224-46ee-b1f7-2488a0f66fc3,insulation_eps,"insulation_eps layer, 125 mm thick",125.0,mm,material_id_107,✔ Matched by ID (insulation_eps)
LayConstLib_id_02,LayeredConstr_id_0061,Layer_id_1ba55e0d-49ba-474b-a0d9-d77eee3e714c,mortar,"mortar layer, 12 mm thick",12.5,mm,material_id_202,✔ Matched by ID (mortar)
LayConstLib_id_02,LayeredConstr_id_0062,Layer_id_9ec0125c-f8e9-45f9-bb2d-82032e6e0fea,plaster_external,"plaster_external layer, 12 mm thick",12.5,mm,material_id_113,✔ Matched by ID (plaster_external)
LayConstLib_id_02,LayeredConstr_id_0062,Layer_id_32b734c6-72bf-4b7d-9a16-624c99c0ed18,concrete_reinforced,"concrete_reinforced layer, 100 mm thick",100.0,mm,material_id_104,✔ Matched by ID (concrete_reinforced)
LayConstLib_id_02,LayeredConstr_id_0062,Layer_id_55d2a0a3-7da9-4c09-81d3-c82eab7e8b4e,insulation_eps,"insulation_eps layer, 150 mm thick",150.0,mm,material_id_107,✔ Matched by ID (insulation_eps)
LayConstLib_id_02,LayeredConstr_id_0062,Layer_id_b1a42d25-58de-4944-a984-6ec27e9f21c3,mortar,"mortar layer, 12 mm thick",12.5,mm,material_id_202,✔ Matched by ID (mortar)
LayConstLib_id_02,LayeredConstr_id_0063,Layer_id_051ac62b-ba17-4b82-b10c-1842d890efa8,plaster_external,"plaster_external layer, 12 mm thick",12.5,mm,material_id_113,✔ Matched by ID (plaster_external)
LayConstLib_id_02,LayeredConstr_id_0063,Layer_id_b4ed72a1-f084-4b77-8334-2542acaadb8b,concrete_reinforced,"concrete_reinforced layer, 100 mm thick",100.0,mm,material_id_104,✔ Matched by ID (concrete_reinforced)
LayConstLib_id_02,LayeredConstr_id_0063,Layer_id_9ba1b3b5-b303-4366-918c-48c9caa27180,insulation_eps,"insulation_eps layer, 200 mm thick",200.0,mm,material_id_107,✔ Matched by ID (insulation_eps)
LayConstLib_id_02,LayeredConstr_id_0063,Layer_id_8c37038f-57a4-40e7-ab0f-fa59bd20f5c2,mortar,"mortar layer, 12 mm thick",12.5,mm,material_id_202,✔ Matched by ID (mortar)
LayConstLib_id_02,LayeredConstr_id_0064,Layer_id_83f2a420-6e62-49e5-a3c3-fab386725e75,plaster_external,"plaster_external layer, 12 mm thick",12.5,mm,material_id_113,✔ Matched by ID (plaster_external)
LayConstLib_id_02,LayeredConstr_id_0064,Layer_id_0e800d91-4114-43ec-9256-c8efca10a31c,concrete_reinforced,"concrete_reinforced layer, 125 mm thick",125.0,mm,material_id_104,✔ Matched by ID (concrete_reinforced)
LayConstLib_id_02,LayeredConstr_id_0064,Layer_id_2b55c9e4-c369-4cde-b497-0754041e3d31,mortar,"mortar layer, 12 mm thick",12.5,mm,material_id_202,✔ Matched by ID (mortar)
LayConstLib_id_02,LayeredConstr_id_0065,Layer_id_44a340a6-76f4-4c45-bfbe-6c5970564a88,plaster_external,"plaster_external layer, 12 mm thick",12.5,mm,material_id_113,✔ Matched by ID (plaster_external)
LayConstLib_id_02,LayeredConstr_id_0065,Layer_id_4fca9464-09e7-4e57-8ac4-5d5969822140,concrete_reinforced,"concrete_reinforced layer, 125 mm thick",125.0,mm,material_id_104,✔ Matched by ID (concrete_reinforced)
LayConstLib_id_02,LayeredConstr_id_0065,Layer_id_5a8bc37d-c71d-465a-a312-5ee08d55a73c,insulation_eps,"insulation_eps layer, 25 mm thick",25.0,mm,material_id_107,✔ Matched by ID (insulation_eps)
LayConstLib_id_02,LayeredConstr_id_0065,Layer_id_bb1a7de8-7fcd-442a-969d-b478de229174,mortar,"mortar layer, 12 mm thick",12.5,mm,material_id_202,✔ Matched by ID (mortar)
LayConstLib_id_02,LayeredConstr_id_0066,Layer_id_d30334f6-3d31-4e6c-901f-e8f5e6a5a054,plaster_external,"plaster_external layer, 12 mm thick",12.5,mm,material_id_113,✔ Matched by ID (plaster_external)
LayConstLib_id_02,LayeredConstr_id_0066,Layer_id_e51360a6-6967-4aac-8ddb-08f2f7c22bab,concrete_reinforced,"concrete_reinforced layer, 125 mm thick",125.0,mm,material_id_104,✔ Matched by ID (concrete_reinforced)
LayConstLib_id_02,LayeredConstr_id_0066,Layer_id_b24ee426-4c2d-4efd-bd85-6ef6dc11481a,insulation_eps,"insulation_eps layer, 50 mm thick",50.0,mm,material_id_107,✔ Matched by ID (insulation_eps)
LayConstLib_id_02,LayeredConstr_id_0066,Layer_id_64f038fa-6221-4e03-a9de-541cb052ce0e,mortar,"mortar layer, 12 mm thick",12.5,mm,material_id_202,✔ Matched by ID (mortar)
LayConstLib_id_02,LayeredConstr_id_0067,Layer_id_9380be83-bb3d-4418-8541-7d18fbac12ff,plaster_external,"plaster_external layer, 12 mm thick",12.5,mm,material_id_113,✔ Matched by ID (plaster_external)
LayConstLib_id_02,LayeredConstr_id_0067,Layer_id_6cf470f7-ffc2-40ad-8d61-0c13d4d2bf39,concrete_reinforced,"concrete_reinforced layer, 125 mm thick",125.0,mm,material_id_104,✔ Matched by ID (concrete_reinforced)
LayConstLib_id_02,LayeredConstr_id_0067,Layer_id_1fedddf0-2cff-42db-a66f-8c85b6207d98,insulation_eps,"insulation_eps layer, 100 mm thick",100.0,mm,material_id_107,✔ Matched by ID (insulation_eps)
LayConstLib_id_02,LayeredConstr_id_0067,Layer_id_6f5e9c77-36ed-4783-b6cc-99f8c9464f8c,mortar,"mortar layer, 12 mm thick",12.5,mm,material_id_202,✔ Matched by ID (mortar)
LayConstLib_id_02,LayeredConstr_id_0068,Layer_id_8e023dec-d52b-4fa2-b0b4-272c34e9179c,plaster_external,"plaster_external layer, 12 mm thick",12.5,mm,material_id_113,✔ Matched by ID (plaster_external)
LayConstLib_id_02,LayeredConstr_id_0068,Layer_id_f4748139-80a9-4aac-8246-4be5c8b5049d,concrete_reinforced,"concrete_reinforced layer, 125 mm thick",125.0,mm,material_id_104,✔ Matched by ID (concrete_reinforced)
LayConstLib_id_02,LayeredConstr_id_0068,Layer_id_96aa9214-edff-4d69-8d89-5f6658ac1159,insulation_eps,"insulation_eps layer, 125 mm thick",125.0,mm,material_id_107,✔ Matched by ID (insulation_eps)
LayConstLib_id_02,LayeredConstr_id_0068,Layer_id_b21eab89-432f-4794-8bab-11ea0daab56f,mortar,"mortar layer, 12 mm thick",12.5,mm,material_id_202,✔ Matched by ID (mortar)
LayConstLib_id_02,LayeredConstr_id_0069,Layer_id_53906c77-4bdb-4bb9-a574-9d9b681938e7,plaster_external,"plaster_external layer, 12 mm thick",12.5,mm,material_id_113,✔ Matched by ID (plaster_external)
LayConstLib_id_02,LayeredConstr_id_0069,Layer_id_52cbecab-21c8-4b47-b55f-6051c2607e13,concrete_reinforced,"concrete_reinforced layer, 125 mm thick",125.0,mm,material_id_104,✔ Matched by ID (concrete_reinforced)
LayConstLib_id_02,LayeredConstr_id_0069,Layer_id_619da283-3026-43c9-bb56-e6542da35c5b,insulation_eps,"insulation_eps layer, 150 mm thick",150.0,mm,material_id_107,✔ Matched by ID (insulation_eps)
LayConstLib_id_02,LayeredConstr_id_0069,Layer_id_a8ded734-e276-4d9d-8ea7-c3e9a8d87e16,mortar,"mortar layer, 12 mm thick",12.5,mm,material_id_202,✔ Matched by ID (mortar)
LayConstLib_id_02,LayeredConstr_id_0070,Layer_id_2cc7155b-9012-4247-9e57-bc9792c4ddd1,plaster_external,"plaster_external layer, 12 mm thick",12.5,mm,material_id_113,✔ Matched by ID (plaster_external)
LayConstLib_id_02,LayeredConstr_id_0070,Layer_id_f320cc2b-512f-4e7f-b53b-8e2197f79b21,concrete_reinforced,"concrete_reinforced layer, 125 mm thick",125.0,mm,material_id_104,✔ Matched by ID (concrete_reinforced)
LayConstLib_id_02,LayeredConstr_id_0070,Layer_id_8112461e-8a19-49e8-b7bf-5310d86ec2a7,insulation_eps,"insulation_eps layer, 200 mm thick",200.0,mm,material_id_107,✔ Matched by ID (insulation_eps)
LayConstLib_id_02,LayeredConstr_id_0070,Layer_id_16b0c9ac-0e63-4bf1-90d6-4d5429f46d7a,mortar,"mortar layer, 12 mm thick",12.5,mm,material_id_202,✔ Matched by ID (mortar)
LayConstLib_id_02,LayeredConstr_id_0071,Layer_id_1290eba6-513d-4f7e-9b9d-ca0a7f1ca93d,plaster_external,"plaster_external layer, 12 mm thick",12.5,mm,material_id_113,✔ Matched by ID (plaster_external)
LayConstLib_id_02,LayeredConstr_id_0071,Layer_id_0c7c6b7f-bb35-4820-9bca-b975d3c50c73,concrete_reinforced,"concrete_reinforced layer, 150 mm thick",150.0,mm,material_id_104,✔ Matched by ID (concrete_reinforced)
LayConstLib_id_02,LayeredConstr_id_0071,Layer_id_c5cbc5ed-2d4e-4d17-a85d-f16f0f98a3e6,mortar,"mortar layer, 12 mm thick",12.5,mm,material_id_202,✔ Matched by ID (mortar)
LayConstLib_id_02,LayeredConstr_id_0072,Layer_id_6fb34b7e-bb4c-46b9-bdb4-57e78c8ae3d6,plaster_external,"plaster_external layer, 12 mm thick",12.5,mm,material_id_113,✔ Matched by ID (plaster_external)
LayConstLib_id_02,LayeredConstr_id_0072,Layer_id_77879352-129e-48a9-b189-2eb910521ece,concrete_reinforced,"concrete_reinforced layer, 150 mm thick",150.0,mm,material_id_104,✔ Matched by ID (concrete_reinforced)
LayConstLib_id_02,LayeredConstr_id_0072,Layer_id_558bea68-5097-40e3-9c01-fb8de9511c89,insulation_eps,"insulation_eps layer, 25 mm thick",25.0,mm,material_id_107,✔ Matched by ID (insulation_eps)
LayConstLib_id_02,LayeredConstr_id_0072,Layer_id_8adb3d8d-747b-465e-a049-65329217def7,mortar,"mortar layer, 12 mm thick",12.5,mm,material_id_202,✔ Matched by ID (mortar)
LayConstLib_id_02,LayeredConstr_id_0073,Layer_id_6f1dec93-7eae-4fc2-b0d6-f1561b5db806,plaster_external,"plaster_external layer, 12 mm thick",12.5,mm,material_id_113,✔ Matched by ID (plaster_external)
LayConstLib_id_02,LayeredConstr_id_0073,Layer_id_638300e7-3f56-4b0a-8db2-c58fa58b061a,concrete_reinforced,"concrete_reinforced layer, 150 mm thick",150.0,mm,material_id_104,✔ Matched by ID (concrete_reinforced)
LayConstLib_id_02,LayeredConstr_id_0073,Layer_id_d18e4801-2b45-4e2a-9ff1-235408b0bdd2,insulation_eps,"insulation_eps layer, 50 mm thick",50.0,mm,material_id_107,✔ Matched by ID (insulation_eps)
LayConstLib_id_02,LayeredConstr_id_0073,Layer_id_268e9060-8f96-4c39-8aec-22fbbb62e1b0,mortar,"mortar layer, 12 mm thick",12.5,mm,material_id_202,✔ Matched by ID (mortar)
LayConstLib_id_02,LayeredConstr_id_0074,Layer_id_a542a5cd-021b-43ff-b5b9-cfb6f6579d72,plaster_external,"plaster_external layer, 12 mm thick",12.5,mm,material_id_113,✔ Matched by ID (plaster_external)
LayConstLib_id_02,LayeredConstr_id_0074,Layer_id_3c72ae3b-6a84-45bc-88c8-7a7bece18c8d,concrete_reinforced,"concrete_reinforced layer, 150 mm thick",150.0,mm,material_id_104,✔ Matched by ID (concrete_reinforced)
LayConstLib_id_02,LayeredConstr_id_0074,Layer_id_b129ac74-f658-40d3-8506-b9cee4161b15,insulation_eps,"insulation_eps layer, 100 mm thick",100.0,mm,material_id_107,✔ Matched by ID (insulation_eps)
LayConstLib_id_02,LayeredConstr_id_0074,Layer_id_9596f7d0-6cb7-43bf-a374-9440e5626eaa,mortar,"mortar layer, 12 mm thick",12.5,mm,material_id_202,✔ Matched by ID (mortar)
LayConstLib_id_02,LayeredConstr_id_0075,Layer_id_3d2946c6-7811-45a3-9a27-be1472e91082,plaster_external,"plaster_external layer, 12 mm thick",12.5,mm,material_id_113,✔ Matched by ID (plaster_external)
LayConstLib_id_02,LayeredConstr_id_0075,Layer_id_40ea2383-8d1c-4238-8e93-db561acd43b9,concrete_reinforced,"concrete_reinforced layer, 150 mm thick",150.0,mm,material_id_104,✔ Matched by ID (concrete_reinforced)
LayConstLib_id_02,LayeredConstr_id_0075,Layer_id_6bc5139d-5522-4baf-93c2-adbb334d84f0,insulation_eps,"insulation_eps layer, 125 mm thick",125.0,mm,material_id_107,✔ Matched by ID (insulation_eps)
LayConstLib_id_02,LayeredConstr_id_0075,Layer_id_30f9f8b5-561b-4eaa-aa26-aebd83333ac0,mortar,"mortar layer, 12 mm thick",12.5,mm,material_id_202,✔ Matched by ID (mortar)
LayConstLib_id_02,LayeredConstr_id_0076,Layer_id_2a02e0e5-8041-43e8-ac9b-77b41df1033e,plaster_external,"plaster_external layer, 12 mm thick",12.5,mm,material_id_113,✔ Matched by ID (plaster_external)
LayConstLib_id_02,LayeredConstr_id_0076,Layer_id_6836f433-1c34-4e93-91e2-e52a97a900a4,concrete_reinforced,"concrete_reinforced layer, 150 mm thick",150.0,mm,material_id_104,✔ Matched by ID (concrete_reinforced)
LayConstLib_id_02,LayeredConstr_id_0076,Layer_id_50d6c44b-9c95-4d78-8e2f-e5eae06b4917,insulation_eps,"insulation_eps layer, 150 mm thick",150.0,mm,material_id_107,✔ Matched by ID (insulation_eps)
LayConstLib_id_02,LayeredConstr_id_0076,Layer_id_fbcc2301-d073-4028-a8c9-86ad5863188f,mortar,"mortar layer, 12 mm thick",12.5,mm,material_id_202,✔ Matched by ID (mortar)
LayConstLib_id_02,LayeredConstr_id_0077,Layer_id_2991971a-861f-4d67-be11-5a115459939e,plaster_external,"plaster_external layer, 12 mm thick",12.5,mm,material_id_113,✔ Matched by ID (plaster_external)
LayConstLib_id_02,LayeredConstr_id_0077,Layer_id_1e27aeb3-38bc-4afb-a201-13686bc56b9d,concrete_reinforced,"concrete_reinforced layer, 150 mm thick",150.0,mm,material_id_104,✔ Matched by ID (concrete_reinforced)
LayConstLib_id_02,LayeredConstr_id_0077,Layer_id_71d597ac-6e75-4556-a672-45f9e5859dd7,insulation_eps,"insulation_eps layer, 200 mm thick",200.0,mm,material_id_107,✔ Matched by ID (insulation_eps)
LayConstLib_id_02,LayeredConstr_id_0077,Layer_id_7130361a-8c46-4de9-bd66-83fc1b46b158,mortar,"mortar layer, 12 mm thick",12.5,mm,material_id_202,✔ Matched by ID (mortar)
LayConstLib_id_02,LayeredConstr_id_0078,Layer_id_443a8d1f-5b7a-4417-b1e5-bf48dcc63489,plaster_external,"plaster_external layer, 12 mm thick",12.5,mm,material_id_113,✔ Matched by ID (plaster_external)
LayConstLib_id_02,LayeredConstr_id_0078,Layer_id_ee853b4f-54c1-4bcf-936f-bb49f18ce392,concrete_reinforced,"concrete_reinforced layer, 175 mm thick",175.0,mm,material_id_104,✔ Matched by ID (concrete_reinforced)
LayConstLib_id_02,LayeredConstr_id_0078,Layer_id_7d6e6b30-4e5b-4581-b480-ddcd09090a0d,mortar,"mortar layer, 12 mm thick",12.5,mm,material_id_202,✔ Matched by ID (mortar)
LayConstLib_id_02,LayeredConstr_id_0079,Layer_id_54796973-45a7-4ee1-a755-bdbaa45040a8,plaster_external,"plaster_external layer, 12 mm thick",12.5,mm,material_id_113,✔ Matched by ID (plaster_external)
LayConstLib_id_02,LayeredConstr_id_0079,Layer_id_3210c9a1-4e46-498b-9e52-a38dd747765c,concrete_reinforced,"concrete_reinforced layer, 175 mm thick",175.0,mm,material_id_104,✔ Matched by ID (concrete_reinforced)
LayConstLib_id_02,LayeredConstr_id_0079,Layer_id_b5ce1cb8-1872-4dbf-889a-780adc82b76f,insulation_eps,"insulation_eps layer, 25 mm thick",25.0,mm,material_id_107,✔ Matched by ID (insulation_eps)
LayConstLib_id_02,LayeredConstr_id_0079,Layer_id_9a8aaa27-af90-4bda-9736-fcc15484de06,mortar,"mortar layer, 12 mm thick",12.5,mm,material_id_202,✔ Matched by ID (mortar)
LayConstLib_id_02,LayeredConstr_id_0080,Layer_id_4f49b646-9eef-4c20-ad80-725b4eef58b8,plaster_external,"plaster_external layer, 12 mm thick",12.5,mm,material_id_113,✔ Matched by ID (plaster_external)
LayConstLib_id_02,LayeredConstr_id_0080,Layer_id_d818e80d-7952-4b6e-b581-35df0e408569,concrete_reinforced,"concrete_reinforced layer, 175 mm thick",175.0,mm,material_id_104,✔ Matched by ID (concrete_reinforced)
LayConstLib_id_02,LayeredConstr_id_0080,Layer_id_04dbe194-c2a4-4a57-915b-f9dfe5a02a7c,insulation_eps,"insulation_eps layer, 50 mm thick",50.0,mm,material_id_107,✔ Matched by ID (insulation_eps)
LayConstLib_id_02,LayeredConstr_id_0080,Layer_id_6138deb2-a887-4320-bc4d-3082370b26e9,mortar,"mortar layer, 12 mm thick",12.5,mm,material_id_202,✔ Matched by ID (mortar)
LayConstLib_id_02,LayeredConstr_id_0081,Layer_id_2170033e-4a47-4f2d-a6fa-3077af124edb,plaster_external,"plaster_external layer, 12 mm thick",12.5,mm,material_id_113,✔ Matched by ID (plaster_external)
LayConstLib_id_02,LayeredConstr_id_0081,Layer_id_b02f0862-c4a9-4684-82da-969dd1cade77,concrete_reinforced,"concrete_reinforced layer, 175 mm thick",175.0,mm,material_id_104,✔ Matched by ID (concrete_reinforced)
LayConstLib_id_02,LayeredConstr_id_0081,Layer_id_427f8d0f-d151-4880-84bf-7f66609bdce5,insulation_eps,"insulation_eps layer, 100 mm thick",100.0,mm,material_id_107,✔ Matched by ID (insulation_eps)
LayConstLib_id_02,LayeredConstr_id_0081,Layer_id_1e105a4c-394d-41b3-a51d-fb1fc725367a,mortar,"mortar layer, 12 mm thick",12.5,mm,material_id_202,✔ Matched by ID (mortar)
LayConstLib_id_02,LayeredConstr_id_0082,Layer_id_713b9144-837c-4a08-ab3f-677a8c732d32,plaster_external,"plaster_external layer, 12 mm thick",12.5,mm,material_id_113,✔ Matched by ID (plaster_external)
LayConstLib_id_02,LayeredConstr_id_0082,Layer_id_b3297e72-b82e-46fa-b3e7-919bdfd6736c,concrete_reinforced,"concrete_reinforced layer, 175 mm thick",175.0,mm,material_id_104,✔ Matched by ID (concrete_reinforced)
LayConstLib_id_02,LayeredConstr_id_0082,Layer_id_a592dead-7552-46f5-9902-ea2092b7977d,insulation_eps,"insulation_eps layer, 125 mm thick",125.0,mm,material_id_107,✔ Matched by ID (insulation_eps)
LayConstLib_id_02,LayeredConstr_id_0082,Layer_id_4dd2e763-a811-4ca2-a0b9-17d8b1c501c7,mortar,"mortar layer, 12 mm thick",12.5,mm,material_id_202,✔ Matched by ID (mortar)
LayConstLib_id_02,LayeredConstr_id_0083,Layer_id_971a5d15-b6b0-468b-9aa9-50c2ca8a98ed,plaster_external,"plaster_external layer, 12 mm thick",12.5,mm,material_id_113,✔ Matched by ID (plaster_external)
LayConstLib_id_02,LayeredConstr_id_0083,Layer_id_f28d1344-2c0a-4197-b8da-be5aaa555083,concrete_reinforced,"concrete_reinforced layer, 175 mm thick",175.0,mm,material_id_104,✔ Matched by ID (concrete_reinforced)
LayConstLib_id_02,LayeredConstr_id_0083,Layer_id_99212f7d-fef7-4ff6-b874-859442e81859,insulation_eps,"insulation_eps layer, 150 mm thick",150.0,mm,material_id_107,✔ Matched by ID (insulation_eps)
LayConstLib_id_02,LayeredConstr_id_0083,Layer_id_52c9c74b-60a4-4218-b719-4291add29a49,mortar,"mortar layer, 12 mm thick",12.5,mm,material_id_202,✔ Matched by ID (mortar)
LayConstLib_id_02,LayeredConstr_id_0084,Layer_id_612033a0-3595-45dd-8580-552863fad3b3,plaster_external,"plaster_external layer, 12 mm thick",12.5,mm,material_id_113,✔ Matched by ID (plaster_external)
LayConstLib_id_02,LayeredConstr_id_0084,Layer_id_a6a5a644-a4da-432b-bd8e-11565bce3cac,concrete_reinforced,"concrete_reinforced layer, 175 mm thick",175.0,mm,material_id_104,✔ Matched by ID (concrete_reinforced)
LayConstLib_id_02,LayeredConstr_id_0084,Layer_id_8c808c2f-7300-48c5-9e52-b7b946bf5dc2,insulation_eps,"insulation_eps layer, 200 mm thick",200.0,mm,material_id_107,✔ Matched by ID (insulation_eps)
LayConstLib_id_02,LayeredConstr_id_0084,Layer_id_370caf29-e67d-4709-908e-826dc23ac479,mortar,"mortar layer, 12 mm thick",12.5,mm,material_id_202,✔ Matched by ID (mortar)
LayConstLib_id_02,LayeredConstr_id_0085,Layer_id_9464146e-108d-40f3-9e0f-7ee4c1ef3b69,plaster_external,"plaster_external layer, 12 mm thick",12.5,mm,material_id_113,✔ Matched by ID (plaster_external)
LayConstLib_id_02,LayeredConstr_id_0085,Layer_id_0b19a76e-a804-4ed0-8617-eaf021772d99,concrete_reinforced,"concrete_reinforced layer, 200 mm thick",200.0,mm,material_id_104,✔ Matched by ID (concrete_reinforced)
LayConstLib_id_02,LayeredConstr_id_0085,Layer_id_8aaa50de-36d3-4f6a-9082-f9b11d3d6843,mortar,"mortar layer, 12 mm thick",12.5,mm,material_id_202,✔ Matched by ID (mortar)
LayConstLib_id_02,LayeredConstr_id_0086,Layer_id_5cc80095-d160-4e61-ad9e-ea1b7f1afdfe,plaster_external,"plaster_external layer, 12 mm thick",12.5,mm,material_id_113,✔ Matched by ID (plaster_external)
LayConstLib_id_02,LayeredConstr_id_0086,Layer_id_db8ddb91-9f99-42ed-ae75-ef56602218d1,concrete_reinforced,"concrete_reinforced layer, 200 mm thick",200.0,mm,material_id_104,✔ Matched by ID (concrete_reinforced)
LayConstLib_id_02,LayeredConstr_id_0086,Layer_id_6c71f439-d6d8-4a5f-ab0f-24c432b4fdb2,insulation_eps,"insulation_eps layer, 25 mm thick",25.0,mm,material_id_107,✔ Matched by ID (insulation_eps)
LayConstLib_id_02,LayeredConstr_id_0086,Layer_id_9c0d4101-cb3c-4146-a7d3-ab55f7aeda1f,mortar,"mortar layer, 12 mm thick",12.5,mm,material_id_202,✔ Matched by ID (mortar)
LayConstLib_id_02,LayeredConstr_id_0087,Layer_id_03843595-cdd4-4221-9871-36eb7facc1f4,plaster_external,"plaster_external layer, 12 mm thick",12.5,mm,material_id_113,✔ Matched by ID (plaster_external)
LayConstLib_id_02,LayeredConstr_id_0087,Layer_id_562358a5-afa1-4f9f-b160-4b2525e7c7d9,concrete_reinforced,"concrete_reinforced layer, 200 mm thick",200.0,mm,material_id_104,✔ Matched by ID (concrete_reinforced)
LayConstLib_id_02,LayeredConstr_id_0087,Layer_id_c0621e43-29c3-4783-96b1-f4f262638a96,insulation_eps,"insulation_eps layer, 50 mm thick",50.0,mm,material_id_107,✔ Matched by ID (insulation_eps)
LayConstLib_id_02,LayeredConstr_id_0087,Layer_id_47e133b1-0bbd-4d95-b962-95a036e65160,mortar,"mortar layer, 12 mm thick",12.5,mm,material_id_202,✔ Matched by ID (mortar)
LayConstLib_id_02,LayeredConstr_id_0088,Layer_id_43b25de9-5b0f-44a6-8f40-fb3a98f95be2,plaster_external,"plaster_external layer, 12 mm thick",12.5,mm,material_id_113,✔ Matched by ID (plaster_external)
LayConstLib_id_02,LayeredConstr_id_0088,Layer_id_4af21f37-644f-4292-914a-79e0a6a8fbaf,concrete_reinforced,"concrete_reinforced layer, 200 mm thick",200.0,mm,material_id_104,✔ Matched by ID (concrete_reinforced)
LayConstLib_id_02,LayeredConstr_id_0088,Layer_id_39b37bf4-41c1-43d8-8e12-333229f256fd,insulation_eps,"insulation_eps layer, 100 mm thick",100.0,mm,material_id_107,✔ Matched by ID (insulation_eps)
LayConstLib_id_02,LayeredConstr_id_0088,Layer_id_5c768be4-134a-4364-9dc7-d943b27eaa4d,mortar,"mortar layer, 12 mm thick",12.5,mm,material_id_202,✔ Matched by ID (mortar)
LayConstLib_id_02,LayeredConstr_id_0089,Layer_id_30dff03c-ba03-4df9-9a25-6efd9719ed75,plaster_external,"plaster_external layer, 12 mm thick",12.5,mm,material_id_113,✔ Matched by ID (plaster_external)
LayConstLib_id_02,LayeredConstr_id_0089,Layer_id_768186b8-d0ab-4473-9fca-7b98e75f018a,concrete_reinforced,"concrete_reinforced layer, 200 mm thick",200.0,mm,material_id_104,✔ Matched by ID (concrete_reinforced)
LayConstLib_id_02,LayeredConstr_id_0089,Layer_id_3fa4f103-33cb-4f29-89af-d1340f9f76ab,insulation_eps,"insulation_eps layer, 125 mm thick",125.0,mm,material_id_107,✔ Matched by ID (insulation_eps)
LayConstLib_id_02,LayeredConstr_id_0089,Layer_id_2d0d9626-a667-4bf6-9961-74484552413b,mortar,"mortar layer, 12 mm thick",12.5,mm,material_id_202,✔ Matched by ID (mortar)
LayConstLib_id_02,LayeredConstr_id_0090,Layer_id_d91cf54f-09f2-4550-a37f-718325c0a7c0,plaster_external,"plaster_external layer, 12 mm thick",12.5,mm,material_id_113,✔ Matched by ID (plaster_external)
LayConstLib_id_02,LayeredConstr_id_0090,Layer_id_7bc2310e-f873-4099-8fc3-7fc38e58d846,concrete_reinforced,"concrete_reinforced layer, 200 mm thick",200.0,mm,material_id_104,✔ Matched by ID (concrete_reinforced)
LayConstLib_id_02,LayeredConstr_id_0090,Layer_id_62840f8b-6378-41af-b8b1-bc57e91f7edf,insulation_eps,"insulation_eps layer, 150 mm thick",150.0,mm,material_id_107,✔ Matched by ID (insulation_eps)
LayConstLib_id_02,LayeredConstr_id_0090,Layer_id_2b5338c3-7fa1-4e3c-83de-63b1d65ef262,mortar,"mortar layer, 12 mm thick",12.5,mm,material_id_202,✔ Matched by ID (mortar)
LayConstLib_id_02,LayeredConstr_id_0091,Layer_id_9de6f685-b8f5-4b3b-968d-dc892db59dd1,plaster_external,"plaster_external layer, 12 mm thick",12.5,mm,material_id_113,✔ Matched by ID (plaster_external)
LayConstLib_id_02,LayeredConstr_id_0091,Layer_id_53da5121-db07-4cd3-8d24-1f14dad9d115,concrete_reinforced,"concrete_reinforced layer, 200 mm thick",200.0,mm,material_id_104,✔ Matched by ID (concrete_reinforced)
LayConstLib_id_02,LayeredConstr_id_0091,Layer_id_9ec785fe-3ab0-4026-9b91-32f05f4f4f05,insulation_eps,"insulation_eps layer, 200 mm thick",200.0,mm,material_id_107,✔ Matched by ID (insulation_eps)
LayConstLib_id_02,LayeredConstr_id_0091,Layer_id_6a802df2-55f8-4ed0-b91f-c03a20023e61,mortar,"mortar layer, 12 mm thick",12.5,mm,material_id_202,✔ Matched by ID (mortar)
LayConstLib_id_02,LayeredConstr_id_0092,Layer_id_2f1fadb6-a967-40d2-843f-a4d910612646,plaster_external,"plaster_external layer, 12 mm thick",12.5,mm,material_id_113,✔ Matched by ID (plaster_external)
LayConstLib_id_02,LayeredConstr_id_0092,Layer_id_7cebdf12-8dd0-44c5-977d-2bcc74653ec9,concrete_reinforced,"concrete_reinforced layer, 250 mm thick",250.0,mm,material_id_104,✔ Matched by ID (concrete_reinforced)
LayConstLib_id_02,LayeredConstr_id_0092,Layer_id_8fe6a6f2-a7e5-4fd5-8ece-a8bd08e36b08,mortar,"mortar layer, 12 mm thick",12.5,mm,material_id_202,✔ Matched by ID (mortar)
LayConstLib_id_02,LayeredConstr_id_0093,Layer_id_ae390b9d-ac2e-4363-8fff-e6decb7fab7a,plaster_external,"plaster_external layer, 12 mm thick",12.5,mm,material_id_113,✔ Matched by ID (plaster_external)
LayConstLib_id_02,LayeredConstr_id_0093,Layer_id_61c488d8-13b2-4f9a-845c-e12b45f1ed09,concrete_reinforced,"concrete_reinforced layer, 250 mm thick",250.0,mm,material_id_104,✔ Matched by ID (concrete_reinforced)
LayConstLib_id_02,LayeredConstr_id_0093,Layer_id_eae55560-d510-4d4f-8b14-8f1a74b9a544,insulation_eps,"insulation_eps layer, 25 mm thick",25.0,mm,material_id_107,✔ Matched by ID (insulation_eps)
LayConstLib_id_02,LayeredConstr_id_0093,Layer_id_439bc183-f4aa-4710-94ce-382a0ed5f996,mortar,"mortar layer, 12 mm thick",12.5,mm,material_id_202,✔ Matched by ID (mortar)
LayConstLib_id_02,LayeredConstr_id_0094,Layer_id_18f5c5f0-26f8-44a8-a3bc-5a61354ff71f,plaster_external,"plaster_external layer, 12 mm thick",12.5,mm,material_id_113,✔ Matched by ID (plaster_external)
LayConstLib_id_02,LayeredConstr_id_0094,Layer_id_967fcc14-50db-4113-9ca9-05903543ff3d,concrete_reinforced,"concrete_reinforced layer, 250 mm thick",250.0,mm,material_id_104,✔ Matched by ID (concrete_reinforced)
LayConstLib_id_02,LayeredConstr_id_0094,Layer_id_388fc0b8-05ea-43f7-8569-aaf8281d7766,insulation_eps,"insulation_eps layer, 50 mm thick",50.0,mm,material_id_107,✔ Matched by ID (insulation_eps)
LayConstLib_id_02,LayeredConstr_id_0094,Layer_id_4b45a472-d14c-4e7c-b952-7b0d3046d00b,mortar,"mortar layer, 12 mm thick",12.5,mm,material_id_202,✔ Matched by ID (mortar)
LayConstLib_id_02,LayeredConstr_id_0095,Layer_id_45938c90-31ef-4122-a1d7-d2c336b7cde0,plaster_external,"plaster_external layer, 12 mm thick",12.5,mm,material_id_113,✔ Matched by ID (plaster_external)
LayConstLib_id_02,LayeredConstr_id_0095,Layer_id_7e176e78-2321-4ec1-8135-2bccc12767e0,concrete_reinforced,"concrete_reinforced layer, 250 mm thick",250.0,mm,material_id_104,✔ Matched by ID (concrete_reinforced)
LayConstLib_id_02,LayeredConstr_id_0095,Layer_id_d18d8ab1-1cba-46c4-8d8a-3ad0124605e8,insulation_eps,"insulation_eps layer, 100 mm thick",100.0,mm,material_id_107,✔ Matched by ID (insulation_eps)
LayConstLib_id_02,LayeredConstr_id_0095,Layer_id_74c01bd6-3e94-42fd-9e91-6a402da160e4,mortar,"mortar layer, 12 mm thick",12.5,mm,material_id_202,✔ Matched by ID (mortar)
LayConstLib_id_02,LayeredConstr_id_0096,Layer_id_b4930f30-d7a1-408c-8123-4bdb6179e3e1,plaster_external,"plaster_external layer, 12 mm thick",12.5,mm,material_id_113,✔ Matched by ID (plaster_external)
LayConstLib_id_02,LayeredConstr_id_0096,Layer_id_98f17e5a-ac29-4ff9-8eab-d7a816d16bc8,concrete_reinforced,"concrete_reinforced layer, 250 mm thick",250.0,mm,material_id_104,✔ Matched by ID (concrete_reinforced)
LayConstLib_id_02,LayeredConstr_id_0096,Layer_id_e52f453a-babf-433a-ad60-5d70afff623d,insulation_eps,"insulation_eps layer, 125 mm thick",125.0,mm,material_id_107,✔ Matched by ID (insulation_eps)
LayConstLib_id_02,LayeredConstr_id_0096,Layer_id_609b09bc-7c0e-4c65-a28e-07bc0d3892d4,mortar,"mortar layer, 12 mm thick",12.5,mm,material_id_202,✔ Matched by ID (mortar)
LayConstLib_id_02,LayeredConstr_id_0097,Layer_id_6a8a21b6-6b56-418b-8f94-b90ab86f65fa,plaster_external,"plaster_external layer, 12 mm thick",12.5,mm,material_id_113,✔ Matched by ID (plaster_external)
LayConstLib_id_02,LayeredConstr_id_0097,Layer_id_aacf6ac9-334a-42eb-8000-c8c3eedafd68,concrete_reinforced,"concrete_reinforced layer, 250 mm thick",250.0,mm,material_id_104,✔ Matched by ID (concrete_reinforced)
LayConstLib_id_02,LayeredConstr_id_0097,Layer_id_1c44a15e-1ba5-4f76-aea3-9b86d3b69a3a,insulation_eps,"insulation_eps layer, 150 mm thick",150.0,mm,material_id_107,✔ Matched by ID (insulation_eps)
LayConstLib_id_02,LayeredConstr_id_0097,Layer_id_6991b327-5e9f-4251-9290-a297c3b51d62,mortar,"mortar layer, 12 mm thick",12.5,mm,material_id_202,✔ Matched by ID (mortar)
LayConstLib_id_02,LayeredConstr_id_0098,Layer_id_5a703e3f-29b1-4544-972e-16a5b715534b,plaster_external,"plaster_external layer, 12 mm thick",12.5,mm,material_id_113,✔ Matched by ID (plaster_external)
LayConstLib_id_02,LayeredConstr_id_0098,Layer_id_bba4b5f2-7bb2-45c4-904b-a3a7cf70e4cd,concrete_reinforced,"concrete_reinforced layer, 250 mm thick",250.0,mm,material_id_104,✔ Matched by ID (concrete_reinforced)
LayConstLib_id_02,LayeredConstr_id_0098,Layer_id_4e3dd989-bf05-4c23-a7b1-150d3532efe8,insulation_eps,"insulation_eps layer, 200 mm thick",200.0,mm,material_id_107,✔ Matched by ID (insulation_eps)
LayConstLib_id_02,LayeredConstr_id_0098,Layer_id_83b1f8b7-55da-4757-8e16-fdd6892670c1,mortar,"mortar layer, 12 mm thick",12.5,mm,material_id_202,✔ Matched by ID (mortar)
LayConstLib_id_02,LayeredConstr_id_0099,Layer_id_4ba8947e-a7af-49bf-9b00-b97b6ef68fa2,plaster_external,"plaster_external layer, 12 mm thick",12.5,mm,material_id_113,✔ Matched by ID (plaster_external)
LayConstLib_id_02,LayeredConstr_id_0099,Layer_id_aeba59a3-aae7-44e1-96a9-4d74622e9bed,concrete_reinforced,"concrete_reinforced layer, 300 mm thick",300.0,mm,material_id_104,✔ Matched by ID (concrete_reinforced)
LayConstLib_id_02,LayeredConstr_id_0099,Layer_id_f6a9e1bb-ac84-4ee2-b02c-474e934bdf86,mortar,"mortar layer, 12 mm thick",12.5,mm,material_id_202,✔ Matched by ID (mortar)
LayConstLib_id_02,LayeredConstr_id_0100,Layer_id_87ec5f99-84eb-41d7-822c-f642b51c9590,plaster_external,"plaster_external layer, 12 mm thick",12.5,mm,material_id_113,✔ Matched by ID (plaster_external)
LayConstLib_id_02,LayeredConstr_id_0100,Layer_id_842f4d93-7f9f-456b-8ed3-27f4b4857392,concrete_reinforced,"concrete_reinforced layer, 300 mm thick",300.0,mm,material_id_104,✔ Matched by ID (concrete_reinforced)
LayConstLib_id_02,LayeredConstr_id_0100,Layer_id_3bc045be-da6d-47cc-9fc4-ca5275808a5d,insulation_eps,"insulation_eps layer, 25 mm thick",25.0,mm,material_id_107,✔ Matched by ID (insulation_eps)
LayConstLib_id_02,LayeredConstr_id_0100,Layer_id_c1f90657-e8f6-4419-b1d1-02a27548c0c9,mortar,"mortar layer, 12 mm thick",12.5,mm,material_id_202,✔ Matched by ID (mortar)
LayConstLib_id_02,LayeredConstr_id_0101,Layer_id_832c86d5-ad3e-4ecb-8b45-705adef0d2d0,plaster_external,"plaster_external layer, 12 mm thick",12.5,mm,material_id_113,✔ Matched by ID (plaster_external)
LayConstLib_id_02,LayeredConstr_id_0101,Layer_id_9f3030cc-8ad6-4a24-bc0c-d42c9924c402,concrete_reinforced,"concrete_reinforced layer, 300 mm thick",300.0,mm,material_id_104,✔ Matched by ID (concrete_reinforced)
LayConstLib_id_02,LayeredConstr_id_0101,Layer_id_79aa0876-71c9-4806-aafc-077abaf87306,insulation_eps,"insulation_eps layer, 50 mm thick",50.0,mm,material_id_107,✔ Matched by ID (insulation_eps)
LayConstLib_id_02,LayeredConstr_id_0101,Layer_id_e8341078-576e-4e6f-99b5-b8e166079916,mortar,"mortar layer, 12 mm thick",12.5,mm,material_id_202,✔ Matched by ID (mortar)
LayConstLib_id_02,LayeredConstr_id_0102,Layer_id_d153fa1d-d570-402d-b594-3fca68efe8df,plaster_external,"plaster_external layer, 12 mm thick",12.5,mm,material_id_113,✔ Matched by ID (plaster_external)
LayConstLib_id_02,LayeredConstr_id_0102,Layer_id_e8a77d7d-119d-4bd8-ab85-f277377cba26,concrete_reinforced,"concrete_reinforced layer, 300 mm thick",300.0,mm,material_id_104,✔ Matched by ID (concrete_reinforced)
LayConstLib_id_02,LayeredConstr_id_0102,Layer_id_7b766eaf-6c5e-4d13-84c1-58f0e8d39c5c,insulation_eps,"insulation_eps layer, 100 mm thick",100.0,mm,material_id_107,✔ Matched by ID (insulation_eps)
LayConstLib_id_02,LayeredConstr_id_0102,Layer_id_fd3d2adc-849e-46db-b55c-ada0f4fd0537,mortar,"mortar layer, 12 mm thick",12.5,mm,material_id_202,✔ Matched by ID (mortar)
LayConstLib_id_02,LayeredConstr_id_0103,Layer_id_ff0b8dea-25c2-4a18-8ca9-61bb4fe5f569,plaster_external,"plaster_external layer, 12 mm thick",12.5,mm,material_id_113,✔ Matched by ID (plaster_external)
LayConstLib_id_02,LayeredConstr_id_0103,Layer_id_8ef94435-936d-471a-862a-9f61b6694f98,concrete_reinforced,"concrete_reinforced layer, 300 mm thick",300.0,mm,material_id_104,✔ Matched by ID (concrete_reinforced)
LayConstLib_id_02,LayeredConstr_id_0103,Layer_id_1d129d12-e7c6-4e80-b52a-9a16aaaed8cd,insulation_eps,"insulation_eps layer, 125 mm thick",125.0,mm,material_id_107,✔ Matched by ID (insulation_eps)
LayConstLib_id_02,LayeredConstr_id_0103,Layer_id_e6e6e532-1a47-4f27-8aa7-9dbcfd7a29de,mortar,"mortar layer, 12 mm thick",12.5,mm,material_id_202,✔ Matched by ID (mortar)
LayConstLib_id_02,LayeredConstr_id_0104,Layer_id_e7c35f61-5a8c-4642-ae87-865a3fb41df5,plaster_external,"plaster_external layer, 12 mm thick",12.5,mm,material_id_113,✔ Matched by ID (plaster_external)
LayConstLib_id_02,LayeredConstr_id_0104,Layer_id_b16a9c4a-21de-4c34-bf17-8565a1923366,concrete_reinforced,"concrete_reinforced layer, 300 mm thick",300.0,mm,material_id_104,✔ Matched by ID (concrete_reinforced)
LayConstLib_id_02,LayeredConstr_id_0104,Layer_id_f39b4e1a-6ea3-47f9-a08d-31e3fb86cda0,insulation_eps,"insulation_eps layer, 150 mm thick",150.0,mm,material_id_107,✔ Matched by ID (insulation_eps)
LayConstLib_id_02,LayeredConstr_id_0104,Layer_id_cf11693b-41dd-4961-a684-a6655433f203,mortar,"mortar layer, 12 mm thick",12.5,mm,material_id_202,✔ Matched by ID (mortar)
LayConstLib_id_02,LayeredConstr_id_0105,Layer_id_cebb0ac4-a0c2-47e1-b367-61daa99bee72,plaster_external,"plaster_external layer, 12 mm thick",12.5,mm,material_id_113,✔ Matched by ID (plaster_external)
LayConstLib_id_02,LayeredConstr_id_0105,Layer_id_1430d433-4990-498f-be94-edb269ad0070,concrete_reinforced,"concrete_reinforced layer, 300 mm thick",300.0,mm,material_id_104,✔ Matched by ID (concrete_reinforced)
LayConstLib_id_02,LayeredConstr_id_0105,Layer_id_3a4b1188-c5b1-4598-b2ed-559dadef87ff,insulation_eps,"insulation_eps layer, 200 mm thick",200.0,mm,material_id_107,✔ Matched by ID (insulation_eps)
LayConstLib_id_02,LayeredConstr_id_0105,Layer_id_e88026b7-32ef-43c8-8013-714783ec6e64,mortar,"mortar layer, 12 mm thick",12.5,mm,material_id_202,✔ Matched by ID (mortar)
LayConstLib_id_02,LayeredConstr_id_0106,Layer_id_3a573a47-cfd8-422d-aa23-be372017b6f2,glass_double,"glass_double layer, 40 mm thick",40.0,mm,material_id_206,✔ Matched by ID (glass_double)
LayConstLib_id_02,LayeredConstr_id_0106,Layer_id_7497e126-b7cf-451b-9545-22a0ad9725a1,sealant,"sealant layer, 5 mm thick",5.0,mm,material_id_207,✔ Matched by ID (sealant)
LayConstLib_id_02,LayeredConstr_id_0106,Layer_id_e750b6c8-5600-4171-a074-495fac050555,frame_aluminium,"frame_aluminium layer, 5 mm thick",5.0,mm,material_id_208,✔ Matched by ID (frame_aluminium)
LayConstLib_id_02,LayeredConstr_id_0107,Layer_id_f2e7f4b2-c7ab-41ac-930d-2be2863c68de,wood,"wood layer, 35 mm thick",35.0,mm,material_id_205,✔ Matched by ID (wood)
LayConstLib_id_02,LayeredConstr_id_0107,Layer_id_849157cb-4b67-4a61-a935-36d2939f40a3,varnish_finish,"varnish_finish layer, 5 mm thick",5.0,mm,material_id_209,✔ Matched by ID (varnish_finish)
LayConstLib_id_02,LayeredConstr_id_0108,Layer_id_3389c284-ca39-416d-ac1c-da000f7831aa,plaster_internal,"plaster_internal layer, 15 mm thick",15.0,mm,material_id_101,✔ Matched by ID (plaster_internal)
LayConstLib_id_02,LayeredConstr_id_0108,Layer_id_0623af5a-20b6-45ad-8419-0f15f3243340,concrete,"concrete layer, 220 mm thick",220.0,mm,material_id_201,✔ Matched by ID (concrete)
LayConstLib_id_02,LayeredConstr_id_0108,Layer_id_36f56b7d-a98b-4b0b-969d-d2a632cb2cbd,plaster_external,"plaster_external layer, 15 mm thick",15.0,mm,material_id_113,✔ Matched by ID (plaster_external)
LayConstLib_id_02,LayeredConstr_id_0109,Layer_id_5a9ebcac-c721-4e97-b190-b3b87c58f3cf,wood_parquet,"wood_parquet layer, 20 mm thick",20.0,mm,material_id_204,✔ Matched by ID (wood_parquet)
LayConstLib_id_02,LayeredConstr_id_0109,Layer_id_a9f3b149-0864-4bf6-9570-855cda3638d6,screed,"screed layer, 50 mm thick",50.0,mm,material_id_203,✔ Matched by ID (screed)
LayConstLib_id_02,LayeredConstr_id_0109,Layer_id_2639d253-42ad-45a1-b67b-2847b5242618,concrete,"concrete layer, 230 mm thick",230.0,mm,material_id_201,✔ Matched by ID (concrete)
LayConstLib_id_02,LayeredConstr_id_0110,Layer_id_c7d328fa-65e4-480f-bf41-d727bac7c289,glass_triple,"glass_triple layer, 15 mm thick",15.0,mm,material_id_306,✔ Matched by ID (glass_triple)
LayConstLib_id_02,LayeredConstr_id_0110,Layer_id_1aeb9c7b-6522-483b-bb58-a672982cff4b,argon_gas,"argon_gas layer, 10 mm thick",10.0,mm,material_id_210,✔ Matched by ID (argon_gas)
LayConstLib_id_02,LayeredConstr_id_0110,Layer_id_5b81c58d-5da3-46d1-ba27-2c0d6150d124,glass_triple,"glass_triple layer, 15 mm thick",15.0,mm,material_id_306,✔ Matched by ID (glass_triple)
LayConstLib_id_02,LayeredConstr_id_0111,Layer_id_868f4cb1-c3e5-4e0d-bec0-87850fadd7cf,glass,"glass layer, 10 mm thick",10.0,mm,material_id_109,✔ Matched by ID (glass)
LayConstLib_id_02,LayeredConstr_id_0112,Layer_id_aa30b988-affa-462b-9aa3-ecae5211d393,plaster_external,"plaster_external layer, 12 mm thick",12.5,mm,material_id_113,✔ Matched by ID (plaster_external)
LayConstLib_id_02,LayeredConstr_id_0112,Layer_id_dfbd34ae-1676-499d-9489-ba718776342b,bricks_full,"bricks_full layer, 200 mm thick",200.0,mm,material_id_102,✔ Matched by ID (bricks_full)
LayConstLib_id_02,LayeredConstr_id_0112,Layer_id_40af959e-6d6a-4122-a227-5dbc8e6233a2,mortar,"mortar layer, 12 mm thick",12.5,mm,material_id_202,✔ Matched by ID (mortar)
LayConstLib_id_02,LayeredConstr_id_0113,Layer_id_f5a4d4b5-4d26-491f-8998-e72b1afd5ba1,plaster_external,"plaster_external layer, 12 mm thick",12.5,mm,material_id_113,✔ Matched by ID (plaster_external)
LayConstLib_id_02,LayeredConstr_id_0113,Layer_id_61e4f9f3-7822-47d5-8009-c2aaffa247ec,bricks_full,"bricks_full layer, 300 mm thick",300.0,mm,material_id_102,✔ Matched by ID (bricks_full)
LayConstLib_id_02,LayeredConstr_id_0113,Layer_id_ce4e1ff3-494c-4693-82d5-0523dbdd33eb,mortar,"mortar layer, 12 mm thick",12.5,mm,material_id_202,✔ Matched by ID (mortar)
LayConstLib_id_02,LayeredConstr_id_0114,Layer_id_aa3603d8-c94b-40ab-b5a4-64aaa8b85010,plaster_external,"plaster_external layer, 12 mm thick",12.5,mm,material_id_113,✔ Matched by ID (plaster_external)
LayConstLib_id_02,LayeredConstr_id_0114,Layer_id_a2515cc6-5886-4697-b540-3f23f06c0564,bricks_full,"bricks_full layer, 325 mm thick",325.0,mm,material_id_102,✔ Matched by ID (bricks_full)
LayConstLib_id_02,LayeredConstr_id_0114,Layer_id_18ff1c50-3356-4ba5-8e1e-20b60cbf5330,mortar,"mortar layer, 12 mm thick",12.5,mm,material_id_202,✔ Matched by ID (mortar)
LayConstLib_id_02,LayeredConstr_id_0115,Layer_id_12916b93-6eca-46c4-8396-4f4b29d08b00,plaster_external,"plaster_external layer, 12 mm thick",12.5,mm,material_id_113,✔ Matched by ID (plaster_external)
LayConstLib_id_02,LayeredConstr_id_0115,Layer_id_248a58c0-409b-4d4a-a9b5-8c1dac92dee9,bricks_full,"bricks_full layer, 350 mm thick",350.0,mm,material_id_102,✔ Matched by ID (bricks_full)
LayConstLib_id_02,LayeredConstr_id_0115,Layer_id_0ff56108-da6f-4d51-b214-fd279a63e6e7,mortar,"mortar layer, 12 mm thick",12.5,mm,material_id_202,✔ Matched by ID (mortar)
LayConstLib_id_02,LayeredConstr_id_0116,Layer_id_4b086792-fe08-4b90-9d45-1ede19bef6da,plaster_external,"plaster_external layer, 12 mm thick",12.5,mm,material_id_113,✔ Matched by ID (plaster_external)
LayConstLib_id_02,LayeredConstr_id_0116,Layer_id_dab0f6c9-8e1f-429b-b0f3-472769412a0e,bricks_full,"bricks_full layer, 375 mm thick",375.0,mm,material_id_102,✔ Matched by ID (bricks_full)
LayConstLib_id_02,LayeredConstr_id_0116,Layer_id_4c9b368e-8f1c-4342-8ae2-b65f7377e981,mortar,"mortar layer, 12 mm thick",12.5,mm,material_id_202,✔ Matched by ID (mortar)
LayConstLib_id_02,LayeredConstr_id_0117,Layer_id_7d99be9d-bed2-4568-aaf3-cf79e08e0aee,plaster_external,"plaster_external layer, 12 mm thick",12.5,mm,material_id_113,✔ Matched by ID (plaster_external)
LayConstLib_id_02,LayeredConstr_id_0117,Layer_id_2b2bd4f2-ee69-471f-a007-a7369f9ce8b5,bricks_full,"bricks_full layer, 425 mm thick",425.0,mm,material_id_102,✔ Matched by ID (bricks_full)
LayConstLib_id_02,LayeredConstr_id_0117,Layer_id_a511c81d-b131-4603-85e6-ad42ba4909bc,mortar,"mortar layer, 12 mm thick",12.5,mm,material_id_202,✔ Matched by ID (mortar)
LayConstLib_id_02,LayeredConstr_id_0118,Layer_id_5da1acea-76c8-4234-885e-7efff7dbf1ed,plaster_external,"plaster_external layer, 12 mm thick",12.5,mm,material_id_113,✔ Matched by ID (plaster_external)
LayConstLib_id_02,LayeredConstr_id_0118,Layer_id_2f799977-5ec4-4df3-915c-ce95ed80d613,bricks_full,"bricks_full layer, 575 mm thick",575.0,mm,material_id_102,✔ Matched by ID (bricks_full)
LayConstLib_id_02,LayeredConstr_id_0118,Layer_id_7dbac22d-80e0-4196-8a02-65a91ff4086d,mortar,"mortar layer, 12 mm thick",12.5,mm,material_id_202,✔ Matched by ID (mortar)
LayConstLib_id_02,LayeredConstr_id_0119,Layer_id_be02abfc-8e3a-4534-ac6c-4c4e6d627841,plaster_external,"plaster_external layer, 12 mm thick",12.5,mm,material_id_113,✔ Matched by ID (plaster_external)
LayConstLib_id_02,LayeredConstr_id_0119,Layer_id_2fb1137f-c9fb-405e-bca2-176d22239aa2,bricks_full,"bricks_full layer, 625 mm thick",625.0,mm,material_id_102,✔ Matched by ID (bricks_full)
LayConstLib_id_02,LayeredConstr_id_0119,Layer_id_24a728d1-4a90-4117-9e26-5830232d25b5,mortar,"mortar layer, 12 mm thick",12.5,mm,material_id_202,✔ Matched by ID (mortar)
